category,brand,n_resid,lag,dof,lb_stat,lb_pvalue,rejects,acf_seasonal
CSD,1724,38,24,2,37.081990278670276,0.023170384079436484,True,0.2011344092279655
CSD,7-UP,38,24,2,9.953201236579257,0.9867240865537019,False,0.13738677521013856
CSD,ABBOTT'S,38,24,2,31.260648028242535,0.09090405772504659,False,0.07306165657025358
CSD,ALBANI,38,24,2,56.16121462020136,8.107348920988025e-05,True,0.610949089100211
CSD,AYYO,38,24,2,26.096028305139573,0.24758189524192523,False,0.11093444711449683
CSD,BORNHOLMS MOSTERI,38,24,2,21.10277752315129,0.5143942113616677,False,0.09593164943117656
CSD,BOYLAN,38,24,2,33.42431691376992,0.05614931594612789,False,0.1569099550355481
CSD,BRAIN LICKER,38,24,2,11.84570345624355,0.9604841322152295,False,0.08636094857449321
CSD,BRITVIC,38,24,2,11.001983667464197,0.9747204447076656,False,0.09971760250978327
CSD,BUNDABERG,38,24,2,10.61203900727971,0.9798551482349362,False,0.09376264808578244
CSD,CANDY CAN,38,24,2,14.185145271176337,0.8947779653259411,False,0.2569907434914217
CSD,CARIBIA,38,24,2,74.80599426256363,1.1356298923753412e-07,True,0.5659894662317584
CSD,CARLSBERG SPORT,38,24,2,4.460383001633024,0.9999776272879045,False,-0.04589818142915123
CSD,CHUPA CHUPS,38,24,2,16.853213144215918,0.7714105147760009,False,-0.09071533976960457
CSD,COCA COLA,38,24,2,4.394923133540059,0.9999804157550422,False,0.05422590611522976
CSD,D&G,38,24,2,22.24485529390554,0.44535753386923554,False,-0.16615780407727873
CSD,DEPANNEUR FRIZZANTE,38,24,2,19.48413331161402,0.6152735861945815,False,0.010633373892902831
CSD,DOCTOR POLIDORIS,38,24,2,13.564985825992181,0.916197308997908,False,0.1586520366410952
CSD,DOUBLE DUTCH,38,24,2,6.079984668793715,0.9996737135928575,False,-0.00036755509655179964
CSD,DR PEPPER,38,24,2,34.510179089230704,0.04355694982465037,True,0.3605446553918131
CSD,EAGLE,38,24,2,19.04906446731654,0.6422967217318836,False,0.10517443754713303
CSD,EASIS,38,24,2,28.634463574013843,0.15559587604925781,False,0.17818172439906585
CSD,EAST IMPERIAL,38,24,2,23.847980181310366,0.3552482368894764,False,-0.13119210374270623
CSD,EBELTOFT,38,24,2,35.540856574189355,0.03398703893545102,True,0.46953356828297815
CSD,EFFERVE,38,24,2,43.17957273522743,0.0044846372158830715,True,0.4614238933530937
CSD,EGO,38,24,2,64.04431245232307,5.525526501156009e-06,True,0.2554511256262607
CSD,FANTA,38,24,2,30.51116087794552,0.10656055097473299,False,0.2926040164539645
CSD,FAXE KONDI,38,24,2,20.46453801380951,0.5540063750801101,False,0.13631091583144755
CSD,FENTIMANS,38,24,2,47.00166914012053,0.001466897792032329,True,0.5044140750487166
CSD,FEVER TREE,38,24,2,48.058622613289124,0.0010658291582521806,True,0.34345822789222286
CSD,FINGERS CROSSED,38,24,2,14.377390174256233,0.887545512792201,False,0.11146086605790828
CSD,FRANKLIN & SONS,38,24,2,24.509489038824842,0.321100926331408,False,0.29915111467701444
CSD,FREM,38,24,2,73.74121784859723,1.683780277907795e-07,True,0.5081204252340961
CSD,FRESH,38,24,2,1.751942961775593,0.999999997378674,False,-0.04905203963922551
CSD,FRESH MOJITO,38,24,2,3.1937358855442524,0.9999989940937092,False,-0.04869861581120813
CSD,FUGLSANG,38,24,2,28.95749516675625,0.1460783439351849,False,0.31272978213844205
CSD,GALVANINA,38,24,2,20.145230166874793,0.5739556699630091,False,-0.06944131200398183
CSD,GAZOZ,38,24,2,13.456349873987575,0.9196475158460404,False,-0.05002878803313171
CSD,GUARANA ANARCTICA,38,24,2,12.424550747731253,0.9479806868041106,False,0.0967563704495896
CSD,HANCOCK,38,24,2,20.374918153555853,0.5596003399962685,False,0.2036558095238234
CSD,HARBOE,38,24,2,12.419453389779441,0.9481011251150626,False,0.0571283630499874
CSD,HARBOE OTHER,38,24,2,30.391390520656206,0.10925770418060494,False,0.4017358323538049
CSD,HATA RAMUNE,38,24,2,21.149177068938894,0.5115356974922157,False,0.27076024548286126
CSD,HAWAI,38,24,2,25.580622320377692,0.2701226460014902,False,-0.04118909300264499
CSD,INDI & CO,38,24,2,27.508337334413078,0.19255233170955272,False,0.21775789197308046
CSD,JARRITOS,38,24,2,9.578708442736335,0.9897390202050768,False,0.007876102310547703
CSD,JOLLY,38,24,2,30.67437652186031,0.10297355730222611,False,0.022736158471395377
CSD,KIMURA,38,24,2,13.618724871575406,0.9144573036231647,False,-0.09361645830249768
CSD,KINLEY,38,24,2,32.835919410409495,0.06421948806826304,False,0.28589268927661693
CSD,LE TRIBUTE,38,24,2,48.55872617085401,0.0009149977265126454,True,0.43612954076347915
CSD,LE VILLAGE,38,24,2,38.918248795061864,0.014419324775397946,True,0.2966638954034659
CSD,LEMONAID,38,24,2,9.944011512054734,0.9868052797797119,False,-0.007871336587555015
CSD,LORINA,38,24,2,12.578630222659777,0.9442513658707161,False,-0.09742928775657987
CSD,LØGISMOSE,38,24,2,22.291975179565366,0.4425811550837738,False,0.131425069712353
CSD,MACARN,38,24,2,12.024001477405692,0.9568814240162681,False,-0.060711332110971614
CSD,MG TONICA,38,24,2,25.70668486011267,0.26448831227985875,False,0.16825115841454982
CSD,MILKIS,38,24,2,15.217974629530739,0.8527149242748469,False,0.11305649110908561
CSD,MIRINDA,38,24,2,47.12998096988886,0.0014114301496817824,True,0.519028114689891
CSD,MOUNTAIN DEW.,38,24,2,36.840324417348846,0.024627897269733832,True,0.41573593059395386
CSD,NATUR FRISK,38,24,2,19.965753790169387,0.5851820119830737,False,0.1435392271769331
CSD,NICOLAS VAHE,38,24,2,33.13095197554243,0.06005539563453656,False,0.3246191545916521
CSD,NIKOLINE,38,24,2,11.266419180121689,0.9707379529258624,False,0.09027883851735861
CSD,NODA,38,24,2,14.05969621344318,0.8993469450683589,False,0.14707915963831508
CSD,NORNIR,38,24,2,14.703362708811246,0.8746505905002697,False,-0.05538463474267258
CSD,OLD JAMAICA,38,24,2,12.665897142017345,0.9420623821500425,False,0.12347259085484168
CSD,ORANGINA,38,24,2,30.606196132573146,0.10445963900571334,False,0.44748140923555385
CSD,PACHA,38,24,2,17.392870644601796,0.7413171602815967,False,0.03787542016710634
CSD,PEPSI,38,24,2,3.752883259070373,0.9999953935747204,False,0.027926480928969783
CSD,PUNCH! CLUB,38,24,2,10.27251815903786,0.9836610685112132,False,-0.007094126346132998
CSD,QDOL,38,24,2,11.740060091203548,0.9625172703157447,False,-0.1450488135903555
CSD,REINE DES LIMONADES,38,24,2,30.532927153096434,0.10607632309650772,False,0.2994771847669474
CSD,RUBICON,38,24,2,76.48668994270244,6.075696970545952e-08,True,0.3189632207131054
CSD,RYNKEBY,38,24,2,2.085129160708401,0.9999999847111405,False,-0.010881244309037896
CSD,SALTUM,38,24,2,39.510067037997,0.012327057389111702,True,0.30960545090869274
CSD,SAN BENEDETTO,38,24,2,23.105503982565104,0.3957927170393008,False,-0.019267722952496017
CSD,SAN PELLEGRINO,38,24,2,26.506616721579267,0.23056698636364614,False,0.29765921776437165
CSD,SCHWEPPES,38,24,2,56.49110948712774,7.268831593761444e-05,True,0.44444031204852874
CSD,SFC,38,24,2,22.999959778183577,0.4017318816597379,False,-0.043533286926757245
CSD,SIRMA,38,24,2,36.07968974581541,0.02977443467081688,True,0.21482706330809861
CSD,SPRITE,38,24,2,57.66898690146841,4.910290844186479e-05,True,0.4840754690779115
CSD,THE LONDON ESSENCE,38,24,2,23.094328050038495,0.39641963647503126,False,0.1240501373834633
CSD,THE PERFECT MIXER,38,24,2,50.31576169266614,0.0005314861928824722,True,0.36115866658928
CSD,THOMAS HENRY,38,24,2,9.54758550233265,0.9899636090916738,False,0.06395501428478267
CSD,THOR,38,24,2,27.44251686545319,0.19489925952587211,False,0.26310577064920915
CSD,THY,38,24,2,38.94418566689989,0.014321150282144875,True,0.39232306126922817
CSD,TUBORG SQUASH,38,24,2,30.024036675499566,0.11788136039549266,False,0.1727895768266302
CSD,ULUDAG,38,24,2,28.208425762259225,0.16887623402761967,False,0.0656158194018036
CSD,VESTFYN,38,24,2,12.215105135233097,0.9527761756026201,False,-0.030829806122585644
CSD,VIMTO,38,24,2,38.0181234144184,0.018236234115097623,True,0.010463990000776397
CSD,VOELKEL,38,24,2,20.98258429035037,0.5218146893696944,False,0.028766193217350036
CSD,WARHEADS,38,24,2,18.28858342525701,0.6887476607490108,False,0.1642452872420777
CSD,ØKOBRUS,38,24,2,8.030902375186221,0.9970775058898682,False,-0.15498012443634476
CSD,ØNDLINGS,38,24,2,19.000834495852637,0.6452769032536038,False,0.006652999748175191
CSD,ØRBÆK,38,24,2,52.494462196083965,0.0002670357861485559,True,0.5237217536584555
CSD,ØVRIGE BRAND,38,24,2,75.6283366289468,8.367098218573979e-08,True,0.2572844279302143
Danskvand,ACQUA PANNA,34,24,2,22.552118349151787,0.4273768839815516,False,0.30994585734743135
Danskvand,ACTIVE 02,34,24,2,26.622775657635234,0.2259051399883765,False,0.2258548486980808
Danskvand,AQUA D'OR,34,24,2,4.58531087787701,0.9999713430903059,False,0.023010631223596378
Danskvand,BLUE KELD,34,24,2,17.721706871966656,0.7223548882098332,False,0.19093208984572804
Danskvand,CARLSBERG KURVAND,34,24,2,53.102021811339746,0.00021979488554101074,True,0.4601163482510639
Danskvand,DENICE,34,24,2,14.257865236196452,0.8920749100488119,False,0.015147553061678296
Danskvand,EGEKILDE,34,24,2,9.7402292868778,0.9885109429396637,False,0.15993166213633606
Danskvand,EVIAN,34,24,2,14.67058139969419,0.8759829464579227,False,0.061286471016698305
Danskvand,FEVER TREE,34,24,2,12.368797233742017,0.9492878479720213,False,0.016964217027704644
Danskvand,FIRST PRICE,34,24,2,5.881894531809413,0.9997523268297589,False,0.014450911433267717
Danskvand,FREM,34,24,2,72.8924585859598,2.3016223123506322e-07,True,0.38576139162428463
Danskvand,HANCOCK,34,24,2,59.60751425671134,2.5541016219824974e-05,True,0.5262454437918463
Danskvand,HARBOE,34,24,2,2.1322474731023933,0.999999980865602,False,0.002843105088291609
Danskvand,KILDEVÆLD,34,24,2,9.023672478074214,0.9932070509030361,False,0.1152209825277321
Danskvand,KIRVI,34,24,2,17.552990072684526,0.7321381233721704,False,0.204969579560784
Danskvand,LIQUID DEATH,34,24,2,11.859392354512448,0.960215198787501,False,0.07101654664988914
Danskvand,NATUR FRISK,34,24,2,17.022166045211907,0.762137349150059,False,0.09049653765295898
Danskvand,NERO,34,24,2,15.316188118509581,0.8483151492958803,False,-0.19789226823151934
Danskvand,OK PLUS,34,24,2,23.905674523139755,0.35219318502220504,False,0.23734479162276276
Danskvand,OTHER BRAND,34,24,2,6.146781886100699,0.9996428774634354,False,0.0247044068842216
Danskvand,PERRIER,34,24,2,21.938388695227346,0.46357132776289545,False,-0.04703464725454865
Danskvand,RAMLOESA,34,24,2,1.7687003065627067,0.9999999971114327,False,0.039840885480932474
Danskvand,SALTUM,34,24,2,35.460341517347544,0.03466046273235123,True,0.2803007131292371
Danskvand,SAN BENEDETTO,34,24,2,16.10882862002797,0.8104480586714444,False,-0.05791983838734624
Danskvand,SAN PELLEGRINO,34,24,2,69.7540338943046,7.230519161527685e-07,True,0.4868643570189259
Danskvand,SIRMA,34,24,2,39.774948435917594,0.011484928947831811,True,0.029093112542964567
Danskvand,THY,34,24,2,22.133713053597244,0.4519321931272154,False,0.21275156182844765
Danskvand,ULUDAG,34,24,2,12.9227203523306,0.9352940379486328,False,0.1261178760784288
Danskvand,WATER BOX,34,24,2,25.99640839776391,0.251836265056103,False,0.1976403843137474
Energidrikke,4MOVE,35,24,2,14.59459286988466,0.8790409568488506,False,0.1221341535796265
Energidrikke,AQUA D'OR,35,24,2,7.333190011427881,0.9985341904483056,False,0.09204559709258295
Energidrikke,BANG,35,24,2,13.386882412394876,0.9218066024635616,False,-0.14223763923055532
Energidrikke,BOBLI VITAMINS,35,24,2,21.9793128031215,0.4611240803286729,False,-0.07643818607689123
Energidrikke,BODYLAB,35,24,2,14.27524081316982,0.8914231404140625,False,-0.0009003015581168082
Energidrikke,BUTTERFLY,35,24,2,20.381653748529562,0.559179738406368,False,0.18791978260559086
Energidrikke,CLUTCH COGNITION,35,24,2,28.658501386143868,0.15487142265523765,False,0.010106329597240902
Energidrikke,CLUTCH INNOSODA,35,24,2,8.742196805358942,0.9945728514303191,False,-0.2109888153921878
Energidrikke,COLLAB,35,24,2,3.331693001060333,0.9999984953339567,False,-0.06076725519624804
Energidrikke,CULT,35,24,2,23.231627331467127,0.3887506547581785,False,0.3059751174460739
Energidrikke,EASIS,35,24,2,36.21042743610365,0.02882599335035648,True,0.2527557715122392
Energidrikke,ENERVIT,35,24,2,7.615056903382896,0.9980417883434346,False,-0.0015938837265184842
Energidrikke,FAXE KONDI BOOSTER,35,24,2,17.589143877626178,0.730051072671748,False,0.12823052021438863
Energidrikke,FAXE KONDI PRO,35,24,2,4.634835561650877,0.9999684600876678,False,-0.11195322105020426
Energidrikke,FIRE ENERGY,35,24,2,20.367862501025304,0.5600409554002181,False,0.23928798287298422
Energidrikke,GATORADE,35,24,2,32.79722792050634,0.0647836803890074,False,0.5087513524381978
Energidrikke,GLACEAU,35,24,2,7.531561000770129,0.9981999017483216,False,-0.04618322513299926
Energidrikke,HEAVE,35,24,2,12.816789822842024,0.9381450725921555,False,0.046142348678150626
Energidrikke,HERO,35,24,2,16.47757455541653,0.7914978518652439,False,0.015068475730040398
Energidrikke,INZYM,35,24,2,19.0065422823085,0.6449244064209729,False,0.024208555146969547
Energidrikke,KICK IN,35,24,2,1.3665777889415098,0.9999999997967245,False,-0.009329755834471392
Energidrikke,LINUSPRO,35,24,2,11.397916346597064,0.9685988789845991,False,-0.05025635746261598
Energidrikke,LOHILO,35,24,2,3.3664458590919204,0.9999983397325828,False,0.006195362577462873
Energidrikke,MANA ENERGY,35,24,2,21.612240398026284,0.48322662565890107,False,0.08246827499117418
Energidrikke,MATCHA ENERGY,35,24,2,28.85607479050049,0.14901601888176644,False,-0.12004638400009741
Energidrikke,MONSTER ENERGY,35,24,2,54.63453319226128,0.00013382668753289545,True,0.3497961141857105
Energidrikke,MORTAL KOMBAT,35,24,2,22.148915125652795,0.451030791396177,False,0.0193290069670357
Energidrikke,MUST ESSENTIALS,35,24,2,18.269468550532732,0.6898973189192643,False,0.4144038747835156
Energidrikke,NAILED,35,24,2,1.7059161189487178,0.9999999980026965,False,-0.010700466306434855
Energidrikke,NOCCO,35,24,2,19.15280205645017,0.6358747431872187,False,0.2231925355261733
Energidrikke,NUTRAMINO,35,24,2,53.8594068946818,0.00017215327953126449,True,0.2313543370487078
Energidrikke,OTHER BRAND,35,24,2,22.429862804339745,0.4344955783721995,False,-0.026125807216924462
Energidrikke,POWERADE,35,24,2,2.7554499653243343,0.9999997580549881,False,-0.03958289264197959
Energidrikke,POWERKING,35,24,2,39.47009381611621,0.012459003294372717,True,0.22742840254140445
Energidrikke,PRIME,35,24,2,2.6113370645705323,0.9999998569429596,False,0.04529004704277726
Energidrikke,PRO:VOLU,35,24,2,11.676650496499558,0.9637019138450339,False,-0.08555181402083144
Energidrikke,RED BULL,35,24,2,7.694380723159808,0.9978812951614507,False,0.04018058626636315
Energidrikke,ROCKSTAR,35,24,2,4.404112397021417,0.9999800434496332,False,-0.05258209379873776
Energidrikke,RUBICON,35,24,2,18.000436033255344,0.7059624675991285,False,0.04498738698837723
Energidrikke,SMAG,35,24,2,20.57721643249337,0.5469813207316416,False,0.17751665352592694
Energidrikke,STATE,35,24,2,40.59470870843195,0.009205207686334201,True,0.4040331080214048
Energidrikke,STATE VITAMIN,35,24,2,27.564753107984515,0.1905574480091151,False,-0.00660780054272187
Energidrikke,VITAMIN WELL,35,24,2,29.557310582413113,0.1296268669952228,False,0.3120167583445691
Energidrikke,X-RAY,35,24,2,0.7584454023890096,0.999999999999587,False,0.012619374453877407
RTD,AERIS,34,24,2,10.04493998312588,0.985892689601289,False,-0.05524526533184062
RTD,ANDERSEN WINERY,34,24,2,20.944808495086413,0.5241513187814772,False,0.13670786407225652
RTD,ANGIOLETTI,34,24,2,15.359521700313913,0.8463526734542245,False,0.08220322712908242
RTD,APEROL,34,24,2,20.229077923258366,0.5687128914717738,False,0.2407119695475057
RTD,ART OF THE REFILL,34,24,2,5.632648444905846,0.9998279936946568,False,-0.05337208193268146
RTD,BACARDI,34,24,2,42.068772096941714,0.006132152393910707,True,0.18326739776182133
RTD,BOLD,34,24,2,2.3665148791512807,0.999999945858355,False,0.10983982291073134
RTD,BOMBAY,34,24,2,18.209881902952795,0.6934744103814856,False,-0.0278194583086499
RTD,BOTTEGA,34,24,2,7.568257279975773,0.9981317437779788,False,0.02407930529276346
RTD,BREEZER,34,24,2,56.83569499871183,6.483329745479099e-05,True,0.4515574323907198
RTD,BRYGHUSET BRAUNSTEIN,34,24,2,21.292578154521266,0.5027246025481669,False,0.37519485688289766
RTD,BULMERS,34,24,2,20.832917934231137,0.53108373170021,False,0.24115767395971424
RTD,BUZZBALLZ,34,24,2,11.709087264801733,0.9630992402223337,False,0.13707073840703338
RTD,CHANDON,34,24,2,14.56472217461491,0.8802313569752059,False,0.10825337396585347
RTD,CLASSIC COCKTAILS,34,24,2,35.32699520636459,0.03580207600221309,True,0.2505352522990743
RTD,COCKY CRANE,34,24,2,14.52838644382861,0.8816704796567715,False,-0.02587510074576259
RTD,COPPA,34,24,2,17.71660573169626,0.7226522866974783,False,0.05411098184977151
RTD,CULT MODJO,34,24,2,8.107107128020383,0.9968651971065368,False,-0.017720185422300208
RTD,FEJØ,34,24,2,40.99019603181726,0.0082632398940476,True,0.35515983475315976
RTD,FUNKIN,34,24,2,7.484337372662579,0.9982846186238954,False,-0.06346359063865631
RTD,G&T,34,24,2,8.128608201021361,0.9968031081604121,False,0.06620475136374886
RTD,GALIPETTE,34,24,2,27.83623311418989,0.1811722681651741,False,0.1905438972784708
RTD,HAPPY JOE,34,24,2,19.954101957868605,0.5859108778076159,False,0.12991368931426192
RTD,IMPRESS,34,24,2,11.730173568220703,0.9627037264261049,False,0.051112770286490895
RTD,LA CHOUETTE,34,24,2,41.23403282640648,0.007728199299330362,True,-0.031759420603633244
RTD,LE COQ,34,24,2,18.96794080550708,0.6473072846212331,False,0.02780543887001218
RTD,LIME DAIQUIRI,34,24,2,10.676738930083062,0.9790615030478768,False,0.09088045179313722
RTD,MAGNERS,34,24,2,53.184552969596524,0.0002140391287987291,True,0.4293296898916576
RTD,MALFY,34,24,2,29.56465366133407,0.1294350495487247,False,-0.008000643388601436
RTD,MIKROPOLIS COCKTAILS,34,24,2,8.502756619757887,0.9955554796489392,False,0.2295616363487771
RTD,MOJITO,34,24,2,7.98856501050929,0.9971903640974814,False,0.08486917759411063
RTD,MOKAÏ,34,24,2,59.61067575012992,2.551360211405189e-05,True,0.3853204608921727
RTD,NOHRLUND,34,24,2,59.567067673802,2.5894290987720708e-05,True,0.3416169798902476
RTD,NORDIC BY NATURE,34,24,2,23.12095640005446,0.39492668159436817,False,0.08149151765128106
RTD,NORTH OAK,34,24,2,20.780743023664616,0.534321763172565,False,0.030989492522136484
RTD,NYBORG DISTILLERY,34,24,2,13.936639097477038,0.9037127143341831,False,-0.09165496964166754
RTD,NØRREBRO,34,24,2,6.445179464068553,0.9994735681359515,False,0.15174327340012086
RTD,OTHER BRAND,34,24,2,9.753595514060187,0.9884045110186903,False,0.06975834156270824
RTD,PALLINI,34,24,2,14.996589921669377,0.8623842859797008,False,0.12518973417647608
RTD,PALOMA (ISH),34,24,2,11.935769548961586,0.9586913730491032,False,0.02763885938482334
RTD,PUNCH! CLUB,34,24,2,6.657843242069849,0.999315791076095,False,0.11453759494690205
RTD,RAW CIDER,34,24,2,25.357478662532323,0.2802870415776878,False,0.14671697030097847
RTD,READY TO DRINK,34,24,2,20.097607762822896,0.5769341366319407,False,0.1972772203779776
RTD,REKORDERLIG,34,24,2,22.15842944460549,0.4504669809113151,False,0.016435284933056585
RTD,SHAKER,34,24,2,39.33737859866957,0.012906517098092554,True,0.41911288729706564
RTD,SHEPPYS,34,24,2,53.10815841428352,0.00021936180087678067,True,0.39383087321996135
RTD,SIR. JAMES 101,34,24,2,35.95810590106971,0.03068161570285248,True,0.22487386498211384
RTD,SJUSS,34,24,2,13.756337732634224,0.9099010534178095,False,0.08434123860066928
RTD,SKÆRSØGAARD,34,24,2,24.604350011477468,0.31636652752064803,False,0.07971470990272543
RTD,SMIRNOFF,34,24,2,8.509143600097328,0.9955312477448066,False,-0.011802366774517903
RTD,SMIRNOFF ICE/TWISTED,34,24,2,42.830613174749466,0.004950855662105115,True,0.41870851856642266
RTD,SMÅ,34,24,2,34.47435983517438,0.04392877683641369,True,0.2799820036910549
RTD,SOMERSBY,34,24,2,7.891667193627883,0.9974354883393376,False,0.11799407141599252
RTD,SPIRIT GARDEN,34,24,2,8.650952305300846,0.9949656794800222,False,-0.0017057173920667296
RTD,SPRITZ,34,24,2,6.084312450030299,0.99967178597418,False,0.0599826933029808
RTD,STOWFORD PRESS,34,24,2,46.90837041594935,0.0015085331465462789,True,0.2783405988408785
RTD,STRONGBOW,34,24,2,15.74127425314629,0.8285156261969038,False,-0.0015195568797401176
RTD,TANQUERAY,34,24,2,17.43259216390271,0.7390500402722677,False,0.17149082857420564
RTD,THATCHERS,34,24,2,52.0480910729303,0.00030786781709392765,True,0.32817297967471903
RTD,THE COCKTAIL FACTORY,34,24,2,36.47039092745719,0.027020688839024382,True,0.22261669999221034
RTD,WESTONS,34,24,2,28.99767415638936,0.14492721053762558,False,0.1862822042738439
RTD,ÆBLEROV,34,24,2,11.247231645925682,0.9710411307174434,False,-0.0017059364466985524
