category,brand,p,cv2,demand_class,n_periods,n_nonzero,mean_test_units
CSD,1724,1.0,0.21,smooth,26,26,135.75
CSD,7-UP,1.0,0.139,smooth,26,26,30267.56
CSD,ABBOTT'S,1.444,0.657,lumpy,26,18,0.0
CSD,ALBANI,1.0,0.073,smooth,26,26,7342.22
CSD,AYYO,1.0,1.593,erratic,26,26,289.8
CSD,BORNHOLMS MOSTERI,1.182,0.72,erratic,26,22,61.71
CSD,BOYLAN,1.0,0.33,smooth,26,26,27.0
CSD,BRAIN LICKER,1.733,3.01,lumpy,26,15,3.29
CSD,BRITVIC,1.368,16.939,lumpy,26,19,6.43
CSD,BUNDABERG,1.0,0.642,erratic,26,26,142.0
CSD,CANDY CAN,1.0,4.51,erratic,26,26,30.78
CSD,CARIBIA,1.0,0.314,smooth,26,26,114636.36
CSD,CARLSBERG SPORT,1.0,0.805,erratic,26,26,3.14
CSD,CHUPA CHUPS,1.0,0.265,smooth,26,26,109.54
CSD,COCA COLA,1.0,0.056,smooth,26,26,4443656.94
CSD,D&G,1.444,3.424,lumpy,26,18,0.0
CSD,DEPANNEUR FRIZZANTE,1.083,0.956,erratic,26,24,4.29
CSD,DOCTOR POLIDORIS,3.25,0.254,intermittent,26,8,0.71
CSD,DOUBLE DUTCH,1.3,0.617,erratic,26,20,2213.93
CSD,DR PEPPER,1.0,0.13,smooth,26,26,16342.03
CSD,EAGLE,5.2,2.18,lumpy,26,5,0.0
CSD,EASIS,1.182,3.24,erratic,26,22,7304.71
CSD,EAST IMPERIAL,1.625,0.641,lumpy,26,16,0.29
CSD,EBELTOFT,1.0,0.206,smooth,26,26,4326.87
CSD,EFFERVE,1.0,0.381,smooth,26,26,1873.26
CSD,EGO,1.0,0.041,smooth,26,26,123002.66
CSD,FANTA,1.0,0.136,smooth,26,26,904402.24
CSD,FAXE KONDI,1.0,0.069,smooth,26,26,3398215.33
CSD,FENTIMANS,1.0,0.741,erratic,26,26,6978.12
CSD,FEVER TREE,1.0,0.158,smooth,26,26,194381.02
CSD,FINGERS CROSSED,1.0,1.283,erratic,26,26,76.18
CSD,FRANKLIN & SONS,1.0,0.311,smooth,26,26,418.71
CSD,FREM,1.0,0.048,smooth,26,26,42434.07
CSD,FRESH,1.0,0.381,smooth,26,26,42979.81
CSD,FRESH MOJITO,1.0,0.464,smooth,26,26,11283.69
CSD,FUGLSANG,1.0,1.394,erratic,26,26,213.14
CSD,GALVANINA,2.0,2.875,lumpy,26,13,459.14
CSD,GAZOZ,1.0,0.678,erratic,26,26,33.0
CSD,GUARANA ANARCTICA,1.0,1.012,erratic,26,26,32300.67
CSD,HANCOCK,1.0,0.073,smooth,26,26,256735.16
CSD,HARBOE,1.0,0.054,smooth,26,26,6625064.7
CSD,HARBOE OTHER,1.0,0.098,smooth,26,26,86755.71
CSD,HATA RAMUNE,1.0,0.645,erratic,26,26,1782.7
CSD,HAWAI,1.182,1.867,erratic,26,22,120.71
CSD,INDI & CO,1.3,0.688,erratic,26,20,0.43
CSD,JARRITOS,1.0,0.521,erratic,26,26,13988.23
CSD,JOLLY,1.0,0.538,erratic,26,26,452330.58
CSD,KIMURA,2.167,0.392,intermittent,26,12,0.0
CSD,KINLEY,1.0,0.09,smooth,26,26,2530.63
CSD,LE TRIBUTE,1.0,0.237,smooth,26,26,63.29
CSD,LE VILLAGE,1.0,1.226,erratic,26,26,18413.86
CSD,LEMONAID,2.6,0.459,intermittent,26,10,61.86
CSD,LORINA,1.857,0.821,lumpy,26,14,0.0
CSD,LØGISMOSE,1.0,0.105,smooth,26,26,9705.0
CSD,MACARN,1.0,0.782,erratic,26,26,7.57
CSD,MG TONICA,1.625,0.751,lumpy,26,16,0.0
CSD,MILKIS,1.625,1.283,lumpy,26,16,23.43
CSD,MIRINDA,1.0,0.187,smooth,26,26,26601.78
CSD,MOUNTAIN DEW.,1.0,0.127,smooth,26,26,17009.46
CSD,NATUR FRISK,1.0,0.191,smooth,26,26,514.56
CSD,NICOLAS VAHE,1.083,0.567,erratic,26,24,2.57
CSD,NIKOLINE,1.0,0.067,smooth,26,26,405.56
CSD,NODA,1.0,0.356,smooth,26,26,94340.47
CSD,NORNIR,1.857,0.888,lumpy,26,14,187984.0
CSD,OLD JAMAICA,1.0,1.072,erratic,26,26,3.65
CSD,ORANGINA,1.0,0.706,erratic,26,26,6495.89
CSD,PACHA,1.625,1.553,lumpy,26,16,114.57
CSD,PEPSI,1.0,0.05,smooth,26,26,4126597.01
CSD,PUNCH! CLUB,2.6,0.488,intermittent,26,10,63.71
CSD,QDOL,1.857,1.688,lumpy,26,14,301.66
CSD,REINE DES LIMONADES,1.0,0.268,smooth,26,26,6976.71
CSD,RUBICON,1.0,0.109,smooth,26,26,85.57
CSD,RYNKEBY,2.167,0.237,intermittent,26,12,105246.83
CSD,SALTUM,1.0,0.127,smooth,26,26,4405.02
CSD,SAN BENEDETTO,1.238,1.776,erratic,26,21,42.57
CSD,SAN PELLEGRINO,1.0,0.072,smooth,26,26,213759.64
CSD,SCHWEPPES,1.0,0.251,smooth,26,26,340999.64
CSD,SFC,1.0,0.57,erratic,26,26,1139.57
CSD,SIRMA,1.0,3.367,erratic,26,26,677.29
CSD,SPRITE,1.0,0.088,smooth,26,26,88443.69
CSD,THE LONDON ESSENCE,1.083,2.523,erratic,26,24,0.29
CSD,THE PERFECT MIXER,1.0,0.193,smooth,26,26,1163.57
CSD,THOMAS HENRY,1.0,1.795,erratic,26,26,18415.43
CSD,THOR,1.0,0.11,smooth,26,26,4529.26
CSD,THY,1.0,0.358,smooth,26,26,11528.37
CSD,TUBORG SQUASH,1.0,0.415,smooth,26,26,580383.63
CSD,ULUDAG,1.0,0.194,smooth,26,26,64992.43
CSD,VESTFYN,1.13,0.602,erratic,26,23,13.71
CSD,VIMTO,1.0,0.767,erratic,26,26,245.03
CSD,VOELKEL,1.0,0.318,smooth,26,26,12.71
CSD,WARHEADS,1.0,2.212,erratic,26,26,375.02
CSD,ØKOBRUS,1.3,2.159,erratic,26,20,5309.14
CSD,ØNDLINGS,1.368,4.052,lumpy,26,19,0.0
CSD,ØRBÆK,1.0,0.052,smooth,26,26,2206.24
CSD,ØVRIGE BRAND,1.0,0.11,smooth,26,26,2782.45
danskvand,ACQUA PANNA,1.0,1.007,erratic,22,22,909.33
danskvand,ACTIVE 02,1.0,0.691,erratic,22,22,972.71
danskvand,AQUA D'OR,1.0,0.121,smooth,22,22,245686.52
danskvand,BLUE KELD,1.0,0.039,smooth,22,22,534927.51
danskvand,CARLSBERG KURVAND,1.0,0.208,smooth,22,22,3846.86
danskvand,DENICE,1.1,10.154,erratic,22,20,438.41
danskvand,EGEKILDE,1.0,0.157,smooth,22,22,273989.3
danskvand,EVIAN,1.0,0.378,smooth,22,22,5046.12
danskvand,FEVER TREE,1.571,0.358,intermittent,22,14,1.83
danskvand,FIRST PRICE,1.0,0.123,smooth,22,22,495704.86
danskvand,FREM,1.0,0.067,smooth,22,22,1549.51
danskvand,HANCOCK,1.0,0.08,smooth,22,22,13917.57
danskvand,HARBOE,1.0,0.095,smooth,22,22,2729209.0
danskvand,KILDEVÆLD,1.0,0.165,smooth,22,22,242630.05
danskvand,KIRVI,1.0,0.178,smooth,22,22,498.67
danskvand,LIQUID DEATH,1.0,1.41,erratic,22,22,3.33
danskvand,NATUR FRISK,1.467,0.397,intermittent,22,15,2.0
danskvand,NERO,1.571,4.325,lumpy,22,14,0.17
danskvand,OK PLUS,1.048,4.178,erratic,22,21,1196.67
danskvand,OTHER BRAND,1.222,1.387,erratic,22,18,0.0
danskvand,PERRIER,1.0,0.402,smooth,22,22,5237.5
danskvand,RAMLOESA,1.222,0.087,smooth,22,18,0.0
danskvand,SALTUM,1.0,0.089,smooth,22,22,442.96
danskvand,SAN BENEDETTO,1.0,0.742,erratic,22,22,1615.7
danskvand,SAN PELLEGRINO,1.0,0.061,smooth,22,22,138942.92
danskvand,SIRMA,2.2,0.158,intermittent,22,10,0.0
danskvand,THY,1.0,0.574,erratic,22,22,781.83
danskvand,ULUDAG,1.0,0.288,smooth,22,22,5.83
danskvand,WATER BOX,1.0,2.296,erratic,22,22,206.33
energidrikke,4MOVE,1.0,1.003,erratic,23,23,8894.72
energidrikke,AQUA D'OR,1.0,0.452,smooth,23,23,1442.16
energidrikke,BANG,4.6,4.849,lumpy,23,5,0.0
energidrikke,BOBLI VITAMINS,3.286,1.529,lumpy,23,7,0.0
energidrikke,BODYLAB,1.643,1.364,lumpy,23,14,0.0
energidrikke,BUTTERFLY,1.0,0.892,erratic,23,23,12965.29
energidrikke,CLUTCH COGNITION,1.0,0.634,erratic,23,23,409.14
energidrikke,CLUTCH INNOSODA,1.533,0.796,lumpy,23,15,83.86
energidrikke,COLLAB,1.0,0.15,smooth,23,23,12742.14
energidrikke,CULT,1.0,0.123,smooth,23,23,81448.14
energidrikke,EASIS,1.0,1.17,erratic,23,23,2.57
energidrikke,ENERVIT,2.091,1.116,lumpy,23,11,42.57
energidrikke,FAXE KONDI BOOSTER,1.0,0.027,smooth,23,23,2426199.28
energidrikke,FAXE KONDI PRO,1.045,0.319,smooth,23,22,56250.2
energidrikke,FIRE ENERGY,1.0,2.078,erratic,23,23,7072.83
energidrikke,GATORADE,1.0,0.258,smooth,23,23,7554.16
energidrikke,GLACEAU,5.75,0.889,lumpy,23,4,0.0
energidrikke,HEAVE,1.0,0.817,erratic,23,23,698.83
energidrikke,HERO,1.045,1.946,erratic,23,22,0.14
energidrikke,INZYM,1.769,4.325,lumpy,23,13,0.0
energidrikke,KICK IN,1.917,0.16,intermittent,23,12,2136.09
energidrikke,LINUSPRO,1.0,1.274,erratic,23,23,40.43
energidrikke,LOHILO,1.15,0.504,erratic,23,20,144.29
energidrikke,MANA ENERGY,1.15,3.05,erratic,23,20,7.71
energidrikke,MATCHA ENERGY,1.0,2.586,erratic,23,23,0.0
energidrikke,MONSTER ENERGY,1.0,0.021,smooth,23,23,2842379.96
energidrikke,MORTAL KOMBAT,1.095,3.37,erratic,23,21,0.0
energidrikke,MUST ESSENTIALS,1.0,3.35,erratic,23,23,1.86
energidrikke,NAILED,2.3,0.282,intermittent,23,10,104185.66
energidrikke,NOCCO,1.0,0.065,smooth,23,23,94399.37
energidrikke,NUTRAMINO,1.0,0.543,erratic,23,23,391.71
energidrikke,OTHER BRAND,2.556,1.2,lumpy,23,9,0.0
energidrikke,POWERADE,1.0,0.08,smooth,23,23,165956.53
energidrikke,POWERKING,1.0,0.194,smooth,23,23,73477.22
energidrikke,PRIME,1.0,1.943,erratic,23,23,17.57
energidrikke,PRO:VOLU,1.0,1.973,erratic,23,23,35.14
energidrikke,RED BULL,1.0,0.026,smooth,23,23,2649629.5
energidrikke,ROCKSTAR,1.0,0.884,erratic,23,23,6.43
energidrikke,RUBICON,1.045,0.866,erratic,23,22,0.14
energidrikke,SMAG,1.0,0.367,smooth,23,23,8552.86
energidrikke,STATE,1.0,0.032,smooth,23,23,279049.99
energidrikke,STATE VITAMIN,1.0,0.159,smooth,23,23,30560.35
energidrikke,VITAMIN WELL,1.0,0.1,smooth,23,23,267018.66
energidrikke,X-RAY,1.15,0.087,smooth,23,20,0.0
RTD,AERIS,1.375,2.822,lumpy,22,16,12.33
RTD,ANDERSEN WINERY,1.0,0.324,smooth,22,22,12.5
RTD,ANGIOLETTI,1.0,2.374,erratic,22,22,6.44
RTD,APEROL,1.0,1.048,erratic,22,22,4800.85
RTD,ART OF THE REFILL,1.294,1.722,erratic,22,17,3959.17
RTD,BACARDI,1.0,1.512,erratic,22,22,18.83
RTD,BOLD,1.571,0.192,intermittent,22,14,5104.46
RTD,BOMBAY,1.692,2.041,lumpy,22,13,0.0
RTD,BOTTEGA,1.0,1.49,erratic,22,22,509.41
RTD,BREEZER,1.0,0.254,smooth,22,22,1064983.15
RTD,BRYGHUSET BRAUNSTEIN,1.048,2.868,erratic,22,21,5.17
RTD,BULMERS,1.0,0.057,smooth,22,22,97.67
RTD,BUZZBALLZ,1.0,0.279,smooth,22,22,7778.42
RTD,CHANDON,1.0,0.329,smooth,22,22,316.87
RTD,CLASSIC COCKTAILS,1.0,1.828,erratic,22,22,2836.93
RTD,COCKY CRANE,1.833,1.679,lumpy,22,12,0.0
RTD,COPPA,1.0,1.182,erratic,22,22,38.52
RTD,CULT MODJO,2.75,3.961,lumpy,22,8,0.33
RTD,FEJØ,1.0,0.422,smooth,22,22,8.67
RTD,FUNKIN,1.0,0.104,smooth,22,22,1996.83
RTD,G&T,1.294,0.262,smooth,22,17,0.0
RTD,GALIPETTE,1.0,0.302,smooth,22,22,11.5
RTD,HAPPY JOE,1.0,0.367,smooth,22,22,46.61
RTD,IMPRESS,1.0,2.746,erratic,22,22,11.83
RTD,LA CHOUETTE,1.0,0.247,smooth,22,22,7.83
RTD,LE COQ,3.667,2.814,lumpy,22,6,0.0
RTD,LIME DAIQUIRI,1.294,0.392,smooth,22,17,0.0
RTD,MAGNERS,1.0,0.065,smooth,22,22,8070.56
RTD,MALFY,1.158,4.896,erratic,22,19,12.5
RTD,MIKROPOLIS COCKTAILS,1.0,0.147,smooth,22,22,6656.08
RTD,MOJITO,1.294,0.297,smooth,22,17,0.0
RTD,MOKAÏ,1.0,0.223,smooth,22,22,31931.85
RTD,NOHRLUND,1.0,1.021,erratic,22,22,134.21
RTD,NORDIC BY NATURE,1.0,1.8,erratic,22,22,29.5
RTD,NORTH OAK,1.1,1.744,erratic,22,20,3558.0
RTD,NYBORG DISTILLERY,1.0,0.771,erratic,22,22,3.83
RTD,NØRREBRO,1.0,0.093,smooth,22,22,189.92
RTD,OTHER BRAND,1.222,0.037,smooth,22,18,0.0
RTD,PALLINI,1.0,0.825,erratic,22,22,597.5
RTD,PALOMA (ISH),1.294,0.163,smooth,22,17,0.0
RTD,PUNCH! CLUB,1.0,0.32,smooth,22,22,8421.06
RTD,RAW CIDER,3.667,0.122,intermittent,22,6,0.0
RTD,READY TO DRINK,1.0,0.191,smooth,22,22,70780.33
RTD,REKORDERLIG,1.0,2.748,erratic,22,22,332.52
RTD,SHAKER,1.0,0.274,smooth,22,22,832245.93
RTD,SHEPPYS,1.0,0.052,smooth,22,22,134.17
RTD,SIR. JAMES 101,1.0,1.85,erratic,22,22,5159.52
RTD,SJUSS,1.0,1.296,erratic,22,22,21.83
RTD,SKÆRSØGAARD,1.048,0.469,smooth,22,21,3.33
RTD,SMIRNOFF,1.0,0.09,smooth,22,22,15396.94
RTD,SMIRNOFF ICE/TWISTED,1.0,0.426,smooth,22,22,592234.72
RTD,SMÅ,1.048,0.988,erratic,22,21,0.33
RTD,SOMERSBY,1.0,0.212,smooth,22,22,330164.46
RTD,SPIRIT GARDEN,1.692,1.466,lumpy,22,13,226.67
RTD,SPRITZ,1.294,0.208,smooth,22,17,0.0
RTD,STOWFORD PRESS,1.0,0.481,smooth,22,22,673.63
RTD,STRONGBOW,5.5,1.474,lumpy,22,4,1693.5
RTD,TANQUERAY,1.0,0.427,smooth,22,22,4407.28
RTD,THATCHERS,1.0,0.17,smooth,22,22,268.17
RTD,THE COCKTAIL FACTORY,1.0,1.976,erratic,22,22,10.83
RTD,WESTONS,1.0,0.2,smooth,22,22,195.22
RTD,ÆBLEROV,1.833,1.716,lumpy,22,12,8.83
