model,category,brand,n_test,scorable,n_train,mean_test_units,pooled_wmape,percat_wmape,delta_wmape,pooled_mape,percat_mape,delta_mape
LightGBM,CSD,1724,7,True,26,135.75447142857143,21.18069592116011,18.31100357944179,2.86969234171832,20.463710720387116,18.570671443640975,1.8930392767461406
LightGBM,CSD,7-UP,7,True,26,30267.55664285714,33.686294661938796,48.51402886621907,-14.827734204280276,26.44480972841202,45.920053325358175,-19.475243596946154
LightGBM,CSD,ABBOTT'S,7,False,26,0.0,1126644599852.7139,1270527120730.0278,-143882520877.31396,160949228550.38773,181503874390.004,-20554645839.616272
LightGBM,CSD,ALBANI,7,True,26,7342.216328571431,41.88294894471936,26.35731536893867,15.525633575780688,52.50508734102108,29.189184442083704,23.315902898937377
LightGBM,CSD,AYYO,7,True,26,289.803,58.393906199656634,40.10106943519392,18.292836764462713,93.60556432380642,69.39400962598806,24.211554697818357
LightGBM,CSD,BORNHOLMS MOSTERI,7,True,26,61.71428571428571,42.17246514297245,58.769576065833974,-16.597110922861525,46.29988455325061,69.29888421635958,-22.998999663108975
LightGBM,CSD,BOYLAN,7,True,26,27.0,61.97087787204166,52.60864021029874,9.362237661742924,279.65968702540437,125.8123339668884,153.84735305851598
LightGBM,CSD,BRAIN LICKER,7,False,26,3.2857142857142856,133.7154346287203,149.46069245952359,-15.745257830803297,27703346237.909763,142114202000.2037,-114410855762.29395
LightGBM,CSD,BRITVIC,7,True,26,6.428571428571428,42.442224108728404,56.182040880851325,-13.739816772122921,44.40423940736576,56.14579331193198,-11.741553904566224
LightGBM,CSD,BUNDABERG,7,True,26,142.00000000000003,47.12743131703915,34.19101264555422,12.93641867148493,56.31723286226763,36.01910387009941,20.298128992168223
LightGBM,CSD,CANDY CAN,7,True,26,30.782628571428567,71.69473138068182,169.27369901198756,-97.57896763130574,269.8240752826133,300.37452436314555,-30.550449080532246
LightGBM,CSD,CARIBIA,7,True,26,114636.36190000003,35.7995358030615,36.564721188318984,-0.7651853852574817,28.804515014209013,33.69753293782012,-4.893017923611108
LightGBM,CSD,CARLSBERG SPORT,7,False,26,3.1428571428571432,47.29981294268853,83.3954627803451,-36.095649837656566,10135600767.07889,11966446762.075773,-1830845994.9968834
LightGBM,CSD,CHUPA CHUPS,7,True,26,109.54225714285712,40.26515633179578,147.34472224049802,-107.07956590870224,51.774281551266554,169.11937064404566,-117.3450890927791
LightGBM,CSD,COCA COLA,7,True,26,4443656.940257144,8.294944635119803,5.705044104111626,2.589900531008177,8.132260614799334,5.032001213519973,3.1002594012793603
LightGBM,CSD,D&G,7,False,26,0.0,1157525717247.4604,480603345030.5676,676922372216.8928,165360816749.63718,68657620718.65252,96703196030.98465
LightGBM,CSD,DEPANNEUR FRIZZANTE,7,False,26,4.285714285714286,106.12271929734976,61.52997849553912,44.59274080181064,144864900523.9578,165713781556.0,-20848881032.042206
LightGBM,CSD,DOCTOR POLIDORIS,7,False,26,0.7142857142857143,488.9965074537991,373.9440217461967,115.05248570760239,106971646492.71762,81829009325.59464,25142637167.122986
LightGBM,CSD,DOUBLE DUTCH,7,True,26,2213.9319428571434,72.06991987029906,68.72433540442584,3.345584465873216,258.08972108480543,155.9715117453466,102.11820933945884
LightGBM,CSD,DR PEPPER,7,True,26,16342.02538571428,29.59134353931087,25.578310630921308,4.013032908389562,24.52031591267163,19.312929359128496,5.2073865535431345
LightGBM,CSD,EAGLE,7,False,26,0.0,818000850241.7483,504286696285.07855,313714153956.66974,116857264320.24976,72040956612.15408,44816307708.09567
LightGBM,CSD,EASIS,7,False,26,7304.71428571429,142.07374366193002,208.09122450055372,-66.0174808386237,53250332961.360725,99894813253.97394,-46644480292.61321
LightGBM,CSD,EAST IMPERIAL,7,False,26,0.28571428571428575,556.640704283343,111.15196500087978,445.4887392824632,148968378494.80423,16660638632.808453,132307739861.99577
LightGBM,CSD,EBELTOFT,7,True,26,4326.872614285714,23.332697156934167,16.585023972226473,6.747673184707693,22.223109229364475,14.289172559056485,7.93393667030799
LightGBM,CSD,EFFERVE,7,True,26,1873.2644142857148,84.06040111566028,50.840196030582455,33.22020508507783,85.03864061887454,84.27403720074994,0.7646034181245938
LightGBM,CSD,EGO,7,True,26,123002.65877142856,12.972820455980408,13.520346651006976,-0.5475261950265686,11.9602588252002,12.586087650416838,-0.6258288252166384
LightGBM,CSD,FANTA,7,True,26,904402.2420714282,13.17955770635782,20.13296441075943,-6.953406704401612,14.4371833291832,18.274198835227786,-3.837015506044585
LightGBM,CSD,FAXE KONDI,7,True,26,3398215.331685715,12.070496023637146,12.309122016697604,-0.23862599306045773,12.296025574802302,12.359121388105306,-0.06309581330300418
LightGBM,CSD,FENTIMANS,7,True,26,6978.1217000000015,24.479782440378315,28.863617008349042,-4.383834567970727,24.077877345777363,27.417666012460884,-3.3397886666835213
LightGBM,CSD,FEVER TREE,7,True,26,194381.0209428571,42.11096349580831,26.051756072189193,16.05920742361912,48.29476596693575,26.084124612821054,22.210641354114696
LightGBM,CSD,FINGERS CROSSED,7,True,26,76.1776,111.70955109377208,131.8161700214387,-20.106618927666617,141.18304906278217,113.84427468663134,27.338774376150837
LightGBM,CSD,FRANKLIN & SONS,7,True,26,418.7142857142857,26.984953060490017,18.97107865787038,8.013874402619638,24.53018699302903,15.855694897844188,8.674492095184842
LightGBM,CSD,FREM,7,True,26,42434.06962857143,11.414708213439354,13.578282631333016,-2.1635744178936616,12.535254816636469,14.198886071835295,-1.6636312551988262
LightGBM,CSD,FRESH,7,True,26,42979.807157142866,37.49119087300641,40.50403268547238,-3.0128418124659717,31.95891375606614,32.92164903157995,-0.9627352755138148
LightGBM,CSD,FRESH MOJITO,7,True,26,11283.687028571427,65.89746067776402,35.463263099797445,30.43419757796657,71.25320354456616,29.322238660210626,41.93096488435553
LightGBM,CSD,FUGLSANG,7,True,26,213.14285714285714,46.31829658201255,38.15685290906979,8.16144367294276,56.227256751384424,43.33451481898682,12.892741932397605
LightGBM,CSD,GALVANINA,7,False,26,459.142857142857,127.04061397603219,103.60403980325952,23.436574172772666,12641200871618.691,4493072373765.132,8148128497853.56
LightGBM,CSD,GAZOZ,7,True,26,33.00000000000001,61.106893998700414,66.63266374838342,-5.525769749683008,179.04377711382568,175.48053924545033,3.563237868375353
LightGBM,CSD,GUARANA ANARCTICA,7,True,26,32300.670485714294,58.72937867710114,48.180927147132365,10.548451529968773,67.74882410764718,55.955201376200925,11.793622731446256
LightGBM,CSD,HANCOCK,7,True,26,256735.15640000004,39.47942105734969,24.72982171291483,14.74959934443486,45.22183250440327,27.498225286522327,17.72360721788094
LightGBM,CSD,HARBOE,7,True,26,6625064.701242857,20.99552384226606,21.268107401632292,-0.27258355936623246,19.709335987479285,20.726695470109007,-1.0173594826297219
LightGBM,CSD,HARBOE OTHER,7,True,26,86755.71428571425,30.864188966279166,14.193803065744056,16.67038590053511,33.14644360455867,14.478731932537652,18.667711672021017
LightGBM,CSD,HATA RAMUNE,7,True,26,1782.701257142857,60.680057178494685,25.134913247663697,35.54514393083099,62.496176615264886,24.956355178120855,37.53982143714403
LightGBM,CSD,HAWAI,7,True,26,120.71190000000001,36.582960705007594,46.23287976672318,-9.649919061715586,41.099034644230805,45.31938350477436,-4.220348860543552
LightGBM,CSD,INDI & CO,7,False,26,0.42857142857142855,258.4720463510687,437.84932472327745,-179.37727837220876,55467975647.36763,59182608293.59889,-3714632646.231262
LightGBM,CSD,JARRITOS,7,True,26,13988.22678571429,55.95962614276928,36.189151423067926,19.770474719701355,56.22588379364556,38.16734997669918,18.05853381694638
LightGBM,CSD,JOLLY,7,True,26,452330.5774428571,39.8751979541209,26.580734695610154,13.294463258510746,51.048335719951446,28.991179495879436,22.05715622407201
LightGBM,CSD,KIMURA,7,False,26,0.0,1629785668801.303,1043263098857.02,586522569944.283,232826524114.47186,149037585551.00287,83788938563.469
LightGBM,CSD,KINLEY,7,True,26,2530.6313428571425,26.91606195159081,13.410582150692887,13.505479800897922,26.039891431006872,12.528828097553765,13.511063333453107
LightGBM,CSD,LE TRIBUTE,7,True,26,63.28571428571429,34.86490121782501,44.422047757030114,-9.557146539205107,47.16349768449101,46.6590496003095,0.5044480841815115
LightGBM,CSD,LE VILLAGE,7,True,26,18413.85714285715,50.870216086364394,64.58877756598447,-13.718561479620078,56.60367881078583,76.0103378648627,-19.406659054076876
LightGBM,CSD,LEMONAID,7,True,26,61.857142857142854,161.4361690873974,121.6584995376047,39.77766954979269,253.0040344691506,173.96963432589192,79.0344001432587
LightGBM,CSD,LORINA,7,False,26,0.0,1497600288874.6458,1929289587602.4792,-431689298727.8335,213942898410.66364,275612798228.9257,-61669899818.262085
LightGBM,CSD,LØGISMOSE,7,True,26,9705.0,15.677604270421355,22.320460050417406,-6.642855779996051,16.72703050479013,21.13471869896353,-4.407688194173399
LightGBM,CSD,MACARN,7,True,26,7.571428571428571,77.35994153668086,73.4679850200806,3.89195651660026,166.35549521993408,195.46665176518243,-29.11115654524835
LightGBM,CSD,MG TONICA,7,False,26,0.0,2899294710136.7554,108537565633.99849,2790757144502.757,414184958590.965,15505366519.142645,398679592071.8224
LightGBM,CSD,MILKIS,7,True,26,23.428571428571427,55.95367195988388,50.77811062865788,5.175561331226,50.940696162188395,60.79902482562037,-9.858328663431976
LightGBM,CSD,MIRINDA,7,True,26,26601.782985714282,18.570470775452772,26.158163588573935,-7.587692813121162,20.254902689885952,28.259025700505795,-8.004123010619843
LightGBM,CSD,MOUNTAIN DEW.,7,True,26,17009.456057142856,33.8073353446484,44.27277476359179,-10.46543941894339,39.16543072160752,48.55238293473591,-9.386952213128389
LightGBM,CSD,NATUR FRISK,7,True,26,514.5602714285715,21.96247045802715,31.691208341733716,-9.728737883706568,24.65460138668189,33.433622285411566,-8.779020898729677
LightGBM,CSD,NICOLAS VAHE,7,False,26,2.5714285714285716,84.53134222179453,121.39699317759522,-36.86565095580069,58479056928.0048,81173263490.7767,-22694206562.771904
LightGBM,CSD,NIKOLINE,7,True,26,405.5571428571428,36.11575551563941,41.70229989960275,-5.586544383963343,43.30462562922514,47.08350078255663,-3.7788751533314837
LightGBM,CSD,NODA,7,True,26,94340.47169999997,33.1963107774586,40.30865349970995,-7.1123427222513484,32.50470818279057,40.883462351262885,-8.378754168472312
LightGBM,CSD,NORNIR,7,True,26,187984.00000000003,60.23942918121621,48.92540809594997,11.31402108526624,64.95881778126838,49.569072698661884,15.389745082606495
LightGBM,CSD,OLD JAMAICA,7,False,26,3.6462285714285714,99.1212739537934,175.17827817446366,-76.05700422067025,69541875615.72742,201554716100.80975,-132012840485.08234
LightGBM,CSD,ORANGINA,7,True,26,6495.892114285713,81.96045243984196,71.90697701510793,10.053475424734032,80.93498180134222,74.59666331511026,6.338318486231955
LightGBM,CSD,PACHA,7,True,26,114.57142857142857,69.52491580652281,80.23535310394378,-10.710437297420967,88.63036138447191,102.88440857327485,-14.254047188802943
LightGBM,CSD,PEPSI,7,True,26,4126597.0140142874,12.178340553110182,12.964550504076152,-0.7862099509659704,11.431351405285879,12.656613600338826,-1.225262195052947
LightGBM,CSD,PUNCH! CLUB,7,True,26,63.71428571428571,71.1689818825897,38.75453501344819,32.414446869141514,101.2794863789045,59.446028164129174,41.83345821477532
LightGBM,CSD,QDOL,7,True,26,301.65532857142864,73.68226525681604,192.04839726010812,-118.36613200329208,80.5802967084233,179.00847972954233,-98.42818302111903
LightGBM,CSD,REINE DES LIMONADES,7,True,26,6976.714285714287,22.263391473512943,27.468893674449742,-5.205502200936799,26.334671870323806,25.548732323491492,0.7859395468323136
LightGBM,CSD,RUBICON,7,True,26,85.57142857142856,51.62639743088139,27.38759542223687,24.23880200864452,60.93921923210216,28.24577018363921,32.69344904846295
LightGBM,CSD,RYNKEBY,7,True,26,105246.83498571429,20.22361681980082,11.000400584036424,9.223216235764397,20.24353503583684,11.571689615885948,8.671845419950891
LightGBM,CSD,SALTUM,7,True,26,4405.024957142856,40.105365848016675,29.832020256370985,10.27334559164569,39.63105214164487,31.01853464284718,8.612517498797693
LightGBM,CSD,SAN BENEDETTO,7,True,26,42.57142857142857,120.0920419884874,115.25083913619613,4.841202852291261,162.16019978973378,278.5780427844966,-116.4178429947628
LightGBM,CSD,SAN PELLEGRINO,7,True,26,213759.64377142847,29.380344945258102,17.817860227606136,11.562484717651966,29.993750469485143,21.090027807437583,8.90372266204756
LightGBM,CSD,SCHWEPPES,7,True,26,340999.6399857142,37.15288805753796,26.770278058510115,10.382609999027842,38.300987118409644,28.145952659998112,10.155034458411532
LightGBM,CSD,SFC,7,True,26,1139.571428571429,69.85187320795883,67.46563272053993,2.3862404874189025,83.44152315907937,85.6461294658886,-2.2046063068092394
LightGBM,CSD,SIRMA,7,True,26,677.2857142857143,24.61996017760232,33.97771702581508,-9.357756848212762,24.63845658811281,32.32023401321296,-7.681777425100151
LightGBM,CSD,SPRITE,7,True,26,88443.69415714286,27.774089887879665,16.76767236837347,11.006417519506194,26.96297954504138,15.943565339988039,11.019414205053343
LightGBM,CSD,THE LONDON ESSENCE,7,False,26,0.2857142857142857,296.168334123855,1362.4575298685502,-1066.2891957446952,56414027693.531586,374138536382.027,-317724508688.49536
LightGBM,CSD,THE PERFECT MIXER,7,True,26,1163.5714285714287,39.69080584026044,27.662009194839065,12.028796645421373,54.96591491116144,65.58643078141317,-10.62051587025173
LightGBM,CSD,THOMAS HENRY,7,True,26,18415.428571428572,24.855829117397672,31.22339013313446,-6.367561015736786,27.58843505006184,29.968973079432132,-2.3805380293702925
LightGBM,CSD,THOR,7,True,26,4529.260671428572,98.12993569712165,76.57147868281938,21.558457014302277,386.7433541998432,141.58016363319976,245.16319056664346
LightGBM,CSD,THY,7,True,26,11528.370871428577,19.919540658308012,19.479492451867447,0.4400482064405651,21.578073650235577,19.032742969510842,2.545330680724735
LightGBM,CSD,TUBORG SQUASH,7,True,26,580383.6296285714,32.23069570301391,24.09525522388855,8.135440479125357,37.624277663307254,23.346029203093522,14.278248460213732
LightGBM,CSD,ULUDAG,7,True,26,64992.43151428574,60.97928086495897,63.442250068601155,-2.4629692036421815,53.65308795342257,61.45770063294671,-7.804612679524141
LightGBM,CSD,VESTFYN,7,False,26,13.714285714285714,263.575221910784,163.50764733634577,100.06757457443825,3291980688252.824,2136213574481.4434,1155767113771.3809
LightGBM,CSD,VIMTO,7,True,26,245.02772857142853,42.64264160830702,37.27559511035975,5.367046497947264,37.438042339442305,34.649440340674886,2.788601998767419
LightGBM,CSD,VOELKEL,7,True,26,12.714285714285712,49.91050407806806,80.13373562215146,-30.223231544083404,55.09197669321034,87.3895445142025,-32.29756782099216
LightGBM,CSD,WARHEADS,7,True,26,375.0237571428571,51.75938783309205,54.21824185094977,-2.4588540178577176,91.93946789512492,145.48616060850915,-53.54669271338423
LightGBM,CSD,ØKOBRUS,7,True,26,5309.142857142855,76.9740736740165,64.84715101945997,12.126922654556523,106.57684331129865,93.6008635818253,12.975979729473352
LightGBM,CSD,ØNDLINGS,7,False,26,0.0,158947255484.32138,94970418381.06242,63976837103.25896,22706750783.474483,13567202625.866062,9139548157.608421
LightGBM,CSD,ØRBÆK,7,True,26,2206.2411,46.19140550286485,29.104835379529685,17.086570123335168,53.543767032516755,33.796921716298684,19.74684531621807
LightGBM,CSD,ØVRIGE BRAND,7,True,26,2782.451342857143,36.45122199838228,16.055795810449126,20.395426187933154,34.55998392816405,16.248228274783227,18.311755653380825
LightGBM,danskvand,ACQUA PANNA,6,True,22,909.3333333333334,27.644071656096074,57.93836225195476,-30.294290595858683,51.007051960567665,110.71357069671733,-59.70651873614966
LightGBM,danskvand,ACTIVE 02,6,True,22,972.7078166666666,211.70248329274872,201.8974863378705,9.80499695487822,214.33619902121652,225.61576457866855,-11.279565557452031
LightGBM,danskvand,AQUA D'OR,6,True,22,245686.52035000012,42.03601206564132,36.27230860739146,5.763703458249864,43.000973704735834,35.58901203692217,7.411961667813664
LightGBM,danskvand,BLUE KELD,6,True,22,534927.5083666666,31.27113653791958,21.90776261003619,9.36337392788339,32.233465824024485,19.121914124299323,13.111551699725162
LightGBM,danskvand,CARLSBERG KURVAND,6,True,22,3846.8599999999988,65.24335371846686,28.9509266213266,36.29242709714026,70.549201090887,29.65395114566122,40.89524994522577
LightGBM,danskvand,DENICE,6,True,22,438.40584999999993,114.33239963871897,101.37928702541113,12.953112613307837,906.1187507253272,789.8781196999613,116.24063102536593
LightGBM,danskvand,EGEKILDE,6,True,22,273989.30255,34.52457855850531,31.94182337673073,2.58275518177458,30.567411722129577,35.1866079697795,-4.619196247649924
LightGBM,danskvand,EVIAN,6,True,22,5046.121483333333,36.88742151994409,22.762633248889518,14.124788271054573,29.078336452947372,20.179149969709638,8.899186483237735
LightGBM,danskvand,FEVER TREE,6,False,22,1.8333333333333337,80.20198618800282,117.8522675528626,-37.65028136485978,18401479622.803986,38813730736.51232,-20412251113.708336
LightGBM,danskvand,FIRST PRICE,6,True,22,495704.85834999994,38.215100111620174,25.719034449728873,12.4960656618913,34.58483581620126,21.12283387005491,13.462001946146351
LightGBM,danskvand,FREM,6,True,22,1549.5121833333333,36.53656431978051,47.318214202056495,-10.781649882275985,43.80937459259406,52.745850215073766,-8.936475622479705
LightGBM,danskvand,HANCOCK,6,True,22,13917.570599999997,39.54989994382734,30.409530526344476,9.140369417482866,40.39785124306527,31.122716933159193,9.275134309906075
LightGBM,danskvand,HARBOE,6,True,22,2729208.9954666663,12.50297776091061,22.557233634916113,-10.054255874005502,11.035811987269312,20.132673148858686,-9.096861161589374
LightGBM,danskvand,KILDEVÆLD,6,True,22,242630.04681666673,27.407184467900862,17.68321053376931,9.723973934131553,19.59939469280889,17.278238537354827,2.3211561554540623
LightGBM,danskvand,KIRVI,6,True,22,498.6666666666666,102.71465704117695,103.75175851008001,-1.0371014689030602,490.21058252504844,696.8308557142533,-206.62027318920485
LightGBM,danskvand,LIQUID DEATH,6,False,22,3.3333333333333335,224.00853005038363,788.1880633626945,-564.1795333123109,82059230804.62785,691172494831.3038,-609113264026.676
LightGBM,danskvand,NATUR FRISK,6,False,22,1.9999999999999998,97.97005425016111,130.9855941037935,-33.015539853632376,78618221825.31628,87162409757.35211,-8544187932.035828
LightGBM,danskvand,NERO,6,False,22,0.16666666666666666,1247.8047021723567,409.2092404495652,838.5954617227915,192074657276.12897,57791831055.001495,134282826221.12747
LightGBM,danskvand,OK PLUS,6,True,22,1196.6666666666672,115.27162537365537,171.96352033846458,-56.69189496480921,93.02463964926035,137.99483057736498,-44.97019092810463
LightGBM,danskvand,OTHER BRAND,6,False,22,0.0,140822623204.51962,5801195866268.894,-5660373243064.374,23470437200.753273,966865977711.4822,-943395540510.7289
LightGBM,danskvand,PERRIER,6,True,22,5237.503083333334,50.11496737489293,25.08479012935704,25.03017724553589,52.29356824889386,22.14678197111222,30.146786277781644
LightGBM,danskvand,RAMLOESA,6,False,22,0.0,193636078694.16342,2401713510346.7197,-2208077431652.556,32272679782.360573,400285585057.7866,-368012905275.426
LightGBM,danskvand,SALTUM,6,True,22,442.95576666666665,37.73919993664632,76.5620369606301,-38.82283702398377,42.24649388647162,90.74226914851836,-48.49577526204674
LightGBM,danskvand,SAN BENEDETTO,6,True,22,1615.69655,15.998864215192695,49.664503136630245,-33.66563892143755,14.75668595964602,58.1283344228413,-43.37164846319528
LightGBM,danskvand,SAN PELLEGRINO,6,True,22,138942.9246,18.047173560479944,11.237384855213985,6.809788705265959,18.41304980850618,9.95304999861314,8.45999980989304
LightGBM,danskvand,SIRMA,6,False,22,0.0,164701140514.13928,162068191296.9468,2632949217.1924744,27450190085.689873,27011365216.157806,438824869.53206635
LightGBM,danskvand,THY,6,True,22,781.8333333333331,36.36952448550887,36.42243041286638,-0.052905927357514315,38.03006803658761,43.415458786972266,-5.3853907503846585
LightGBM,danskvand,ULUDAG,6,False,22,5.833333333333333,103.90404187385158,74.22306517914511,29.680976694706473,194765334235.78326,66723224601.25991,128042109634.52335
LightGBM,danskvand,WATER BOX,6,True,22,206.3333333333333,90.09020221870824,37.84401547125041,52.246186747457834,105.5859342571609,58.31017034542542,47.27576391173548
LightGBM,energidrikke,4MOVE,7,True,23,8894.719714285713,36.64542973624781,40.594806725597095,-3.9493769893492825,34.54104597072614,39.35094808804219,-4.809902117316049
LightGBM,energidrikke,AQUA D'OR,7,True,23,1442.1598714285715,58.551196498844426,58.592884376664756,-0.04168787782032979,64.8821507209604,68.70095954263977,-3.8188088216793687
LightGBM,energidrikke,BANG,7,False,23,0.0,598637383896.1895,1190371959145.4126,-591734575249.2231,85519626270.8842,170053137020.7733,-84533510749.88908
LightGBM,energidrikke,BOBLI VITAMINS,7,False,23,0.0,598637383896.1895,1190371959145.4126,-591734575249.2231,85519626270.8842,170053137020.7733,-84533510749.88908
LightGBM,energidrikke,BODYLAB,7,False,23,0.0,570425304187.0491,594189444507.1604,-23764140320.11133,81489329169.57845,84884206358.16577,-3394877188.587326
LightGBM,energidrikke,BUTTERFLY,7,False,23,12965.285714285716,115.89629831445319,129.8892117236895,-13.992913409236309,6328390535956.562,1756069120055.1582,4572321415901.403
LightGBM,energidrikke,CLUTCH COGNITION,7,True,23,409.14285714285705,95.87804558109492,65.30115087396338,30.576894707131544,193.89469038146495,574.5727765276499,-380.67808614618497
LightGBM,energidrikke,CLUTCH INNOSODA,7,True,23,83.85714285714286,89.03122163282504,150.2783777780566,-61.24715614523157,158.94484881104566,136.3798938884228,22.56495492262286
LightGBM,energidrikke,COLLAB,7,True,23,12742.142857142855,31.0459513294323,34.25109594485074,-3.2051446154184404,31.426583304119482,37.71262729133702,-6.286043987217539
LightGBM,energidrikke,CULT,7,True,23,81448.13612857142,67.37850257667716,50.792495923687355,16.58600665298981,68.32167547585638,50.844303911274636,17.477371564581745
LightGBM,energidrikke,EASIS,7,False,23,2.5714285714285716,107.03909489978818,156.46985146983775,-49.43075657004957,51864619214.61447,155657652519.9115,-103793033305.29703
LightGBM,energidrikke,ENERVIT,7,False,23,42.57142857142857,59.88487690542533,135.26921857037428,-75.38434166494895,103476706830.97076,389215806639.79913,-285739099808.82837
LightGBM,energidrikke,FAXE KONDI BOOSTER,7,True,23,2426199.275757143,9.060807757970665,11.187166495983467,-2.1263587380128026,8.34284469727651,11.642977021190429,-3.3001323239139193
LightGBM,energidrikke,FAXE KONDI PRO,7,True,23,56250.20312857145,28.9499021393183,23.859561539553397,5.090340599764904,30.983232509569923,25.10319170905248,5.880040800517442
LightGBM,energidrikke,FIRE ENERGY,7,True,23,7072.833828571433,77.30939070848522,63.85713073322845,13.452259975256773,3263.217059979306,1436.7779276578212,1826.439132321485
LightGBM,energidrikke,GATORADE,7,True,23,7554.160628571425,46.36374059601438,60.43281049591208,-14.069069899897698,55.84394230532412,78.18344118640053,-22.33949888107641
LightGBM,energidrikke,GLACEAU,7,False,23,0.0,598637383896.1895,1190371959145.4126,-591734575249.2231,85519626270.8842,170053137020.7733,-84533510749.88908
LightGBM,energidrikke,HEAVE,7,True,23,698.8302285714286,33.13605186281093,46.758905054181554,-13.622853191370623,72.88475284692477,54.64537817213364,18.23937467479113
LightGBM,energidrikke,HERO,7,False,23,0.14285714285714285,972.753934279654,295.38079919081497,677.373135088839,136853288637.0415,39911253947.10004,96942034689.94147
LightGBM,energidrikke,INZYM,7,False,23,0.0,976365141642.1495,784356488694.6628,192008652947.4867,139480734520.3071,112050926956.38039,27429807563.926712
LightGBM,energidrikke,KICK IN,7,True,23,2136.0933142857143,21.002680067945477,34.55050666898583,-13.547826601040356,21.03879226864887,34.296789279485864,-13.257997010836995
LightGBM,energidrikke,LINUSPRO,7,False,23,40.42857142857143,83.60355841153432,212.1539524589789,-128.55039404744457,50789653041.72154,2565866108.1703453,48223786933.55119
LightGBM,energidrikke,LOHILO,7,False,23,144.28571428571425,92.10427319158467,100.61922548108681,-8.514952289502148,46643604837.29083,31358643651.995438,15284961185.295395
LightGBM,energidrikke,MANA ENERGY,7,True,23,7.7142857142857135,88.05908923849202,79.84951813055636,8.209571107935659,287.98139517991774,227.04806424600727,60.93333093391047
LightGBM,energidrikke,MATCHA ENERGY,7,False,23,0.0,186904009546740.5,793356593787119.4,-606452584240378.9,26700572792391.496,113336656255302.81,-86636083462911.31
LightGBM,energidrikke,MONSTER ENERGY,7,True,23,2842379.956342858,8.405791688932114,7.6182553488023705,0.7875363401297433,8.628660924499258,6.768865024126125,1.8597959003731326
LightGBM,energidrikke,MORTAL KOMBAT,7,False,23,0.0,325855012371.93335,135517399551.23267,190337612820.70068,46550716053.13335,19359628507.31895,27191087545.814396
LightGBM,energidrikke,MUST ESSENTIALS,7,False,23,1.8571428571428577,235.46201229735755,469.91204646775356,-234.450034170396,48384854548.88157,56055351744.173706,-7670497195.292137
LightGBM,energidrikke,NAILED,7,True,23,104185.65568571426,30.07934159841695,31.260935038469164,-1.1815934400522146,33.69170523632194,34.82221117297634,-1.1305059366544015
LightGBM,energidrikke,NOCCO,7,True,23,94399.3662857143,37.08832138579543,25.545639335230252,11.54268205056518,35.318379586062946,23.466900672117806,11.85147891394514
LightGBM,energidrikke,NUTRAMINO,7,True,23,391.71428571428584,93.32920205561726,63.311848648574575,30.017353407042684,153.85238765360495,87.75340866250653,66.09897899109842
LightGBM,energidrikke,OTHER BRAND,7,False,23,0.0,1926144158415.2695,4285802098715.4067,-2359657940300.137,275163451202.1813,612257442673.6295,-337093991471.44824
LightGBM,energidrikke,POWERADE,7,True,23,165956.52727142855,31.82351031390574,20.74873669710577,11.07477361679997,32.62869877856493,18.25569944096674,14.372999337598191
LightGBM,energidrikke,POWERKING,7,True,23,73477.21618571428,20.08058182792329,33.92749749422079,-13.846915666297498,20.53072774932587,32.68234735282526,-12.151619603499391
LightGBM,energidrikke,PRIME,7,True,23,17.571428571428573,109.82694433156261,200.9689558172536,-91.14201148569099,192.34365435006833,178.11871253748407,14.224941812584262
LightGBM,energidrikke,PRO:VOLU,7,True,23,35.14285714285713,54.126058934981444,66.86600670951857,-12.739947774537129,134.85892271162066,118.58439546854595,16.274527243074715
LightGBM,energidrikke,RED BULL,7,True,23,2649629.500485714,10.174439440729492,11.655717894290717,-1.4812784535612256,10.188720571677926,11.816643916740217,-1.6279233450622907
LightGBM,energidrikke,ROCKSTAR,7,True,23,6.428571428571428,116.77519978017979,150.21644615435426,-33.44124637417447,140.37325652424215,146.71078843338245,-6.337531909140296
LightGBM,energidrikke,RUBICON,7,False,23,0.14285714285714285,705.4318480309407,803.532980077907,-98.10113204696631,86490264018.70581,100504711453.98671,-14014447435.2809
LightGBM,energidrikke,SMAG,7,True,23,8552.860042857143,34.2825138030256,45.990223093169526,-11.707709290143924,35.604612511325826,49.953110178051496,-14.34849766672567
LightGBM,energidrikke,STATE,7,True,23,279049.98957142857,19.223713680072883,28.86587695068341,-9.642163270610528,20.109145770133654,27.919747101745752,-7.810601331612098
LightGBM,energidrikke,STATE VITAMIN,7,True,23,30560.345499999996,22.19077167926081,23.435618752782066,-1.2448470735212567,22.677968475813604,22.19051218333967,0.48745629247393296
LightGBM,energidrikke,VITAMIN WELL,7,True,23,267018.6560999999,27.324475390394998,58.5955320240353,-31.271056633640303,30.1871405987106,57.01663180455164,-26.829491205841045
LightGBM,energidrikke,X-RAY,7,False,23,0.0,144545853568.9193,269831696861.94354,-125285843293.02423,20649407652.702763,38547385265.99192,-17897977613.289158
LightGBM,RTD,AERIS,6,True,22,12.33333333333333,35.00865550575405,55.410369053052236,-20.401713547298186,50.52261350844793,83.23856052577815,-32.71594701733022
LightGBM,RTD,ANDERSEN WINERY,6,True,22,12.5,41.638905113759336,44.980241417307134,-3.3413363035477985,41.958537764257315,42.364511369195306,-0.40597360493799073
LightGBM,RTD,ANGIOLETTI,6,False,22,6.437866666666667,97.48193858995809,110.60176670053268,-13.119828110574588,245462432427.84448,223412214650.20746,22050217777.637024
LightGBM,RTD,APEROL,6,True,22,4800.849516666666,44.00805045643219,42.300101447285215,1.7079490091469722,60.8238330679714,50.32152028283486,10.502312785136539
LightGBM,RTD,ART OF THE REFILL,6,True,22,3959.1666666666674,40.70466679413853,23.773167372022147,16.931499422116385,38.48049307899606,26.3092659413707,12.171227137625362
LightGBM,RTD,BACARDI,6,True,22,18.83333333333334,191.3156460855234,226.81580009321567,-35.50015400769226,327.68593939734967,356.86002327696707,-29.1740838796174
LightGBM,RTD,BOLD,6,True,22,5104.459983333334,33.154812560887144,38.74446249030702,-5.589649929419878,33.83821478183659,38.26246390303845,-4.424249121201861
LightGBM,RTD,BOMBAY,6,False,22,0.0,1045973163317.9756,2142427403829.2747,-1096454240511.2991,174328860552.99597,357071233971.54584,-182742373418.54987
LightGBM,RTD,BOTTEGA,6,True,22,509.4107166666666,53.1999986856603,39.18459283761999,14.01540584804031,49.57331882141363,33.84464524281166,15.72867357860197
LightGBM,RTD,BREEZER,6,True,22,1064983.146016667,52.06259569423482,45.01568315723362,7.046912537001205,58.89902040174263,41.23997068645304,17.65904971528959
LightGBM,RTD,BRYGHUSET BRAUNSTEIN,6,False,22,5.166666666666667,108.42993236287339,103.98491893284772,4.445013430025668,26259072070.460476,31695087195.405613,-5436015124.945137
LightGBM,RTD,BULMERS,6,True,22,97.66666666666669,29.54871185283668,13.33524219141004,16.213469661426636,30.445509003087878,13.968414330565937,16.477094672521943
LightGBM,RTD,BUZZBALLZ,6,True,22,7778.416183333337,30.77618626471368,22.142474170336822,8.633712094376857,26.950771817486135,25.497841269060707,1.452930548425428
LightGBM,RTD,CHANDON,6,True,22,316.87448333333333,36.03781620809419,42.45315814541708,-6.415341937322886,53.64270531293348,40.38790628680006,13.25479902613342
LightGBM,RTD,CLASSIC COCKTAILS,6,True,22,2836.9341166666673,72.19324521595392,88.40943866861151,-16.216193452657592,85.12969845636253,49.8767991980211,35.25289925834144
LightGBM,RTD,COCKY CRANE,6,False,22,0.0,322481046925.8093,1314159696123.071,-991678649197.2617,53746841154.30156,219026616020.51187,-165279774866.21033
LightGBM,RTD,COPPA,6,True,22,38.51626666666667,20.718455847615576,35.92446319623868,-15.206007348623107,23.45165486558414,34.599326179880116,-11.147671314295977
LightGBM,RTD,CULT MODJO,6,False,22,0.3333333333333334,2146.131868311377,3462.669081785375,-1316.5372134739982,685879093175.483,1138973513118.882,-453094419943.39905
LightGBM,RTD,FEJØ,6,False,22,8.666666666666666,92.12313550036568,53.259905328626076,38.8632301717396,106752970302.69748,95131568220.24712,11621402082.450363
LightGBM,RTD,FUNKIN,6,True,22,1996.8333333333333,54.759592802916316,42.79754807136708,11.962044731549234,52.56213744433994,44.02347453999298,8.538662904346957
LightGBM,RTD,G&T,6,False,22,0.0,1002884717271.2924,43468553920.91201,959416163350.3804,167147452878.5487,7244758986.818666,159902693891.73004
LightGBM,RTD,GALIPETTE,6,True,22,11.5,37.68741642047048,56.97692063790997,-19.289504217439493,47.314183234154534,61.66715723191641,-14.352973997761879
LightGBM,RTD,HAPPY JOE,6,True,22,46.614700000000006,191.0508342766523,98.52806959657536,92.52276468007693,178.56861576916526,86.88749224454847,91.6811235246168
LightGBM,RTD,IMPRESS,6,True,22,11.833333333333336,78.00085192881335,77.61160142313962,0.3892505056737292,75.0162649496743,78.65828366935862,-3.64201871968433
LightGBM,RTD,LA CHOUETTE,6,True,22,7.833333333333332,43.079738704886864,118.85804659539096,-75.7783078905041,47.01755982298473,150.43732097320145,-103.41976115021671
LightGBM,RTD,LE COQ,6,False,22,0.0,347622700998.7624,789450059574.7687,-441827358576.0063,57937116833.12706,131575009929.12813,-73637893096.00107
LightGBM,RTD,LIME DAIQUIRI,6,False,22,0.0,624094966512.8389,56621359469.74155,567473607043.0973,104015827752.1398,9436893244.956924,94578934507.18288
LightGBM,RTD,MAGNERS,6,True,22,8070.556483333331,27.35612761443677,30.851685272827467,-3.495557658390698,28.329078814487644,30.88211872410216,-2.5530399096145153
LightGBM,RTD,MALFY,6,False,22,12.500000000000002,738.4939838157383,315.0255703944429,423.46841342129534,708650913727.5834,391042771441.5916,317608142285.99176
LightGBM,RTD,MIKROPOLIS COCKTAILS,6,True,22,6656.078200000001,38.63618490171056,16.80636401441455,21.829820887296005,36.07696923530627,18.49034861840563,17.586620616900642
LightGBM,RTD,MOJITO,6,False,22,0.0,122958969715.05199,89873125719.7818,33085843995.270187,20493161619.175335,14978854286.6303,5514307332.545034
LightGBM,RTD,MOKAÏ,6,True,22,31931.851066666673,56.90090680774216,107.21898883533616,-50.318082027594,77.69148898653805,123.57907758319374,-45.88758859665569
LightGBM,RTD,NOHRLUND,6,True,22,134.20605000000003,57.39476791105768,34.066483493601346,23.32828441745633,81.45969636704604,53.28571837062558,28.173977996420454
LightGBM,RTD,NORDIC BY NATURE,6,True,22,29.5,70.16584344082654,49.083048599225,21.082794841601533,90.598618044987,56.681257458525934,33.91736058646107
LightGBM,RTD,NORTH OAK,6,True,22,3558.0000000000023,25.129849157217453,28.110411924874374,-2.98056276765692,28.503467593512667,28.930501354654776,-0.4270337611421091
LightGBM,RTD,NYBORG DISTILLERY,6,False,22,3.8333333333333326,84.09844466788684,76.75091928033038,7.347525387556459,71386980192.32349,34106411566.956936,37280568625.36655
LightGBM,RTD,NØRREBRO,6,True,22,189.91566666666665,37.42253705559184,16.38382658815969,21.03871046743215,38.84250337031014,21.271455738190273,17.571047632119868
LightGBM,RTD,OTHER BRAND,6,False,22,0.0,241012017767.84082,29744747080.993725,211267270686.8471,40168669627.973465,4957457846.832287,35211211781.141174
LightGBM,RTD,PALLINI,6,True,22,597.5,68.51633032497833,60.87215304101148,7.644177283966847,88.60201722959685,77.01201877220498,11.589998457391872
LightGBM,RTD,PALOMA (ISH),6,False,22,0.0,1116209522346.154,44559460933.38804,1071650061412.766,186034920391.02567,7426576822.2313385,178608343568.7943
LightGBM,RTD,PUNCH! CLUB,6,True,22,8421.064683333336,42.66264797677228,35.788079687718636,6.8745682890536415,52.15707156902233,38.403031655272656,13.754039913749672
LightGBM,RTD,RAW CIDER,6,False,22,0.0,347622700998.7624,789450059574.7687,-441827358576.0063,57937116833.12706,131575009929.12813,-73637893096.00107
LightGBM,RTD,READY TO DRINK,6,True,22,70780.33333333331,39.04899335443851,35.385374721952054,3.663618632486454,50.71755292600216,42.35148211649629,8.366070809505871
LightGBM,RTD,REKORDERLIG,6,True,22,332.5163333333334,29.00921010874781,26.772490961486223,2.236719147261585,31.580446631520136,24.77788820843084,6.802558423089295
LightGBM,RTD,SHAKER,6,True,22,832245.9251833333,25.477201049625137,26.015897597219418,-0.5386965475942809,25.48131043431166,24.984596708614045,0.49671372569761374
LightGBM,RTD,SHEPPYS,6,True,22,134.16666666666666,21.441024565143724,14.916924324818515,6.524100240325209,23.916188849953226,19.8742802191947,4.0419086307585275
LightGBM,RTD,SIR. JAMES 101,6,True,22,5159.515983333334,70.36927686441047,63.630649934302916,6.73862693010755,55.11370101977254,44.77908935059763,10.334611669174912
LightGBM,RTD,SJUSS,6,True,22,21.83333333333333,132.62659947467958,77.18707981992526,55.43951965475432,196.90740057770054,74.23870800370834,122.6686925739922
LightGBM,RTD,SKÆRSØGAARD,6,False,22,3.3333333333333335,117.71002195275288,189.9990711338508,-72.28904918109792,47771413791.593124,67045292862.57534,-19273879070.982216
LightGBM,RTD,SMIRNOFF,6,True,22,15396.94055,85.95323847038385,84.157609355748,1.795629114635858,60.02038833580509,52.98703250813478,7.033355827670306
LightGBM,RTD,SMIRNOFF ICE/TWISTED,6,True,22,592234.7238666666,20.276568205918835,30.881001371676835,-10.604433165758,70.1947239833543,63.38849451025032,6.806229473103976
LightGBM,RTD,SMÅ,6,False,22,0.3333333333333333,320.5934428700716,3500.163740141366,-3179.5702972712943,59328049337.383484,916512529302.5293,-857184479965.1458
LightGBM,RTD,SOMERSBY,6,True,22,330164.4605666666,30.83180756827967,23.82829756384005,7.003510004439622,27.86833294441734,20.573599523739684,7.294733420677655
LightGBM,RTD,SPIRIT GARDEN,6,True,22,226.6671333333334,96.76144226253493,20.158751975324574,76.60269028721035,134.37731676949102,20.979786212492076,113.39753055699894
LightGBM,RTD,SPRITZ,6,False,22,0.0,37940300617.36532,150270563816.90936,-112330263199.54404,6323383436.227551,25045093969.484898,-18721710533.257347
LightGBM,RTD,STOWFORD PRESS,6,True,22,673.6306666666666,37.36452917100739,40.78644647812724,-3.4219173071198483,37.24315512619435,43.907067709377536,-6.663912583183183
LightGBM,RTD,STRONGBOW,6,True,22,1693.4999999999993,69.24646377470604,49.320914037394274,19.92554973731177,88.68302105824658,52.05157268634834,36.631448371898244
LightGBM,RTD,TANQUERAY,6,True,22,4407.275200000001,28.80533813892377,47.407658139799786,-18.602320000876016,29.4207947125254,48.11937302581343,-18.69857831328803
LightGBM,RTD,THATCHERS,6,True,22,268.16666666666663,30.67683378323453,23.22693799887859,7.449895784355942,32.326099718342974,22.865645658705958,9.460454059637016
LightGBM,RTD,THE COCKTAIL FACTORY,6,True,22,10.833333333333334,118.91650013303538,143.99896498514389,-25.0824648521085,216.9554966659149,226.3736781212372,-9.418181455322298
LightGBM,RTD,WESTONS,6,True,22,195.2156666666667,33.45729347018934,38.7028531936338,-5.245559723444458,31.04059711956358,41.15329366195235,-10.112696542388768
LightGBM,RTD,ÆBLEROV,6,True,22,8.833333333333334,51.8102187150563,49.969786046840305,1.8404326682159962,49.912433246658175,53.99737200531888,-4.084938758660705
XGBoost,CSD,1724,7,True,26,135.75447142857143,10.829478747585709,17.80570374246518,-6.9762249948794715,10.958880678421291,17.948203373321785,-6.989322694900494
XGBoost,CSD,7-UP,7,True,26,30267.55664285714,40.36617923646851,43.5856379065573,-3.219458670088791,32.29901503895664,35.41658553520804,-3.1175704962514033
XGBoost,CSD,ABBOTT'S,7,False,26,0.0,745353425294.1609,1376421663165.0925,-631068237870.9316,106479060756.30869,196631666166.44177,-90152605410.13309
XGBoost,CSD,ALBANI,7,True,26,7342.216328571431,28.99772703874858,30.13690046693916,-1.1391734281905812,35.474165194038946,34.94443307823611,0.5297321158028367
XGBoost,CSD,AYYO,7,True,26,289.803,31.869197073540796,28.624193161496773,3.245003912044023,57.92897104758056,56.77516759367883,1.1538034539017303
XGBoost,CSD,BORNHOLMS MOSTERI,7,True,26,61.71428571428571,35.89013064349138,48.31355214118956,-12.423421497698179,48.18146104411954,58.10026356847412,-9.918802524354582
XGBoost,CSD,BOYLAN,7,True,26,27.0,43.681856185670874,65.01227686644862,-21.330420680777742,165.52774981930057,174.1982279548418,-8.67047813554123
XGBoost,CSD,BRAIN LICKER,7,False,26,3.2857142857142856,146.82574829329616,155.375221501226,-8.54947320792985,23890122494.519787,84515432074.5727,-60625309580.0529
XGBoost,CSD,BRITVIC,7,True,26,6.428571428571428,58.649866316053604,57.406029966142434,1.2438363499111702,50.12387744673005,50.107260818009834,0.01661662872021452
XGBoost,CSD,BUNDABERG,7,True,26,142.00000000000003,29.304416126888277,25.201614809707863,4.102801317180415,33.76902138304773,27.582688432866032,6.186332950181697
XGBoost,CSD,CANDY CAN,7,True,26,30.782628571428567,69.21971591015318,85.90095974699132,-16.681243836838135,173.34438892610123,191.18233117602057,-17.837942249919337
XGBoost,CSD,CARIBIA,7,True,26,114636.36190000003,32.779169260940854,35.59460233221915,-2.8154330712782922,24.478694887486245,32.175676797894326,-7.6969819104080806
XGBoost,CSD,CARLSBERG SPORT,7,False,26,3.1428571428571432,130.7928594675931,78.10539982535622,52.68745964223689,10060712349.756916,16888533387.902546,-6827821038.14563
XGBoost,CSD,CHUPA CHUPS,7,True,26,109.54225714285712,51.96138513798112,113.25413706320566,-61.29275192522454,60.35220916522196,128.63723033095667,-68.28502116573472
XGBoost,CSD,COCA COLA,7,True,26,4443656.940257144,6.629970729470705,4.431722792843334,2.1982479366273715,6.952757004293112,4.537942310350851,2.414814693942261
XGBoost,CSD,D&G,7,False,26,0.0,1858525891602.0393,586049181222.9156,1272476710379.1235,265503698800.29135,83721311603.27367,181782387197.0177
XGBoost,CSD,DEPANNEUR FRIZZANTE,7,False,26,4.285714285714286,91.04773839314778,58.504396279652916,32.543342113494866,96206447089.27306,128184689809.08487,-31978242719.811813
XGBoost,CSD,DOCTOR POLIDORIS,7,False,26,0.7142857142857143,1667.6990771293638,170.26556730270386,1497.43350982666,125880908294.70044,44035381996.90319,81845526297.79724
XGBoost,CSD,DOUBLE DUTCH,7,True,26,2213.9319428571434,88.80794310900221,94.86265998491528,-6.054716875913073,207.8296299196386,159.11837022159818,48.71125969804041
XGBoost,CSD,DR PEPPER,7,True,26,16342.02538571428,21.843009215111902,24.596760913208602,-2.7537516980967,15.99062534672516,18.661855860653493,-2.6712305139283323
XGBoost,CSD,EAGLE,7,False,26,0.0,548025361448.52637,596658295253.2917,-48632933804.76538,78289337349.78949,85236899321.89882,-6947561972.109329
XGBoost,CSD,EASIS,7,False,26,7304.71428571429,120.06177549743775,155.130796319873,-35.06902082243526,56948500134.82531,67822974277.33246,-10874474142.507149
XGBoost,CSD,EAST IMPERIAL,7,False,26,0.28571428571428575,363.82515244185913,215.65279439091677,148.17235805094236,103141923781.35623,21034702466.069717,82107221315.28651
XGBoost,CSD,EBELTOFT,7,True,26,4326.872614285714,22.307045836740137,21.485960168586185,0.8210856681539518,21.472750309534884,17.161460807674665,4.3112895018602195
XGBoost,CSD,EFFERVE,7,True,26,1873.2644142857148,102.59469362715485,57.14211390045625,45.4525797266986,122.01343668492899,94.03850694224465,27.97492974268434
XGBoost,CSD,EGO,7,True,26,123002.65877142856,17.29072240615448,14.877895279082232,2.412827127072248,17.1381837628479,13.977028623204749,3.1611551396431494
XGBoost,CSD,FANTA,7,True,26,904402.2420714282,13.148453064636916,12.612905793383113,0.5355472712538027,14.063942626391986,11.397076918244228,2.6668657081477587
XGBoost,CSD,FAXE KONDI,7,True,26,3398215.331685715,10.088374836150772,10.972088544174953,-0.8837137080241817,10.8994101450849,10.950103675076527,-0.05069352999162646
XGBoost,CSD,FENTIMANS,7,True,26,6978.1217000000015,35.04493641975369,31.407630389303563,3.6373060304501266,34.54347394679901,31.51091594922101,3.032557997578003
XGBoost,CSD,FEVER TREE,7,True,26,194381.0209428571,33.21468037787926,24.07059840045378,9.144081977425483,41.073151219155875,23.355212260861048,17.717938958294827
XGBoost,CSD,FINGERS CROSSED,7,True,26,76.1776,67.87476288929537,117.55205097297554,-49.67728808368017,70.86612908791746,111.4671282900248,-40.600999202107346
XGBoost,CSD,FRANKLIN & SONS,7,True,26,418.7142857142857,25.10999759607695,24.843007832491036,0.2669897635859151,24.1423344378132,23.38967628940479,0.7526581484084112
XGBoost,CSD,FREM,7,True,26,42434.06962857143,14.889099636209318,12.192396249347148,2.69670338686217,14.377149985454368,12.18615644204918,2.190993543405188
XGBoost,CSD,FRESH,7,True,26,42979.807157142866,37.37211669524973,36.339768713201465,1.0323479820482646,32.65238851030114,27.93694778323878,4.715440727062358
XGBoost,CSD,FRESH MOJITO,7,True,26,11283.687028571427,37.16745082676351,34.736320103830124,2.431130722933389,41.293682551288164,24.99549808666869,16.298184464619474
XGBoost,CSD,FUGLSANG,7,True,26,213.14285714285714,35.18492363732877,37.49688278893683,-2.3119591516080575,43.51285215496059,43.934414550039605,-0.4215623950790146
XGBoost,CSD,GALVANINA,7,False,26,459.142857142857,136.54124641833874,118.67322601289874,17.868020405440006,15561384248800.754,15510420274778.352,50963974022.40234
XGBoost,CSD,GAZOZ,7,True,26,33.00000000000001,85.23204935577525,53.89989958955095,31.332149766224298,167.96176847799143,100.85805534007022,67.1037131379212
XGBoost,CSD,GUARANA ANARCTICA,7,True,26,32300.670485714294,47.498430687844596,47.80460453461004,-0.30617384676544646,51.456214612720096,54.058756353402096,-2.6025417406819997
XGBoost,CSD,HANCOCK,7,True,26,256735.15640000004,15.947851712183446,26.110034194366367,-10.16218248218292,16.426316363874236,29.108210410141698,-12.681894046267463
XGBoost,CSD,HARBOE,7,True,26,6625064.701242857,24.70334291129005,20.436995194761728,4.266347716528323,23.451213103600804,19.13281368929106,4.318399414309745
XGBoost,CSD,HARBOE OTHER,7,True,26,86755.71428571425,19.292248915262913,19.68102785530803,-0.3887789400451176,20.004258285909817,20.274515430918804,-0.270257145008987
XGBoost,CSD,HATA RAMUNE,7,True,26,1782.701257142857,51.69409874349443,30.182184711566336,21.511914031928093,53.237382830133676,30.85349981397714,22.383883016156535
XGBoost,CSD,HAWAI,7,True,26,120.71190000000001,33.44441952397418,36.89285613021692,-3.448436606242737,38.14402096299024,43.426803541117934,-5.282782578127694
XGBoost,CSD,INDI & CO,7,False,26,0.42857142857142855,295.6726084152857,156.37517025073367,139.29743816455203,76118510160.63599,37568947276.545456,38549562884.09053
XGBoost,CSD,JARRITOS,7,True,26,13988.22678571429,45.87866852108539,36.523649948866435,9.355018572218952,46.910652328529615,37.52639178392109,9.384260544608523
XGBoost,CSD,JOLLY,7,True,26,452330.5774428571,49.70065486954307,29.391718337981835,20.308936531561237,60.70429701827561,35.58244084809186,25.121856170183747
XGBoost,CSD,KIMURA,7,False,26,0.0,694662630558.0139,831512299738.8242,-136849669180.8103,99237518651.14485,118787471391.26062,-19549952740.11577
XGBoost,CSD,KINLEY,7,True,26,2530.6313428571425,27.88113977477087,19.33545121271726,8.54568856205361,26.783697899762355,20.550394135262785,6.233303764499571
XGBoost,CSD,LE TRIBUTE,7,True,26,63.28571428571429,31.493028937828466,42.59761181695737,-11.104582879128902,31.356335545319947,43.83822650882324,-12.481890963503293
XGBoost,CSD,LE VILLAGE,7,True,26,18413.85714285715,51.60006557440244,55.957242628804416,-4.357177054401973,59.184618034030514,66.26838800769248,-7.0837699736619655
XGBoost,CSD,LEMONAID,7,True,26,61.857142857142854,93.13965262221409,89.83248034470627,3.307172277507817,136.9204255111914,105.08958739210176,31.83083811908965
XGBoost,CSD,LORINA,7,False,26,0.0,1760328142344.9517,1502301490306.8542,258026652038.0974,251475448906.42166,214614498615.2649,36860950291.15677
XGBoost,CSD,LØGISMOSE,7,True,26,9705.0,11.73994443217787,16.050036483633285,-4.310092051455415,11.688833046587343,16.810184098092147,-5.121351051504805
XGBoost,CSD,MACARN,7,True,26,7.571428571428571,70.4018844748443,79.86645248700988,-9.464568012165586,210.91309395036694,277.7730472974261,-66.85995334705916
XGBoost,CSD,MG TONICA,7,False,26,0.0,2678210149332.881,425242103496.5664,2252968045836.3145,382601449904.6973,60748871928.08092,321852577976.6164
XGBoost,CSD,MILKIS,7,True,26,23.428571428571427,39.66374339126959,54.1177650777305,-14.454021686460912,39.96660101104393,69.28903501264053,-29.322434001596598
XGBoost,CSD,MIRINDA,7,True,26,26601.782985714282,25.225180863199036,27.519176819111372,-2.2939959559123366,28.35604406830855,30.442940229565984,-2.0868961612574353
XGBoost,CSD,MOUNTAIN DEW.,7,True,26,17009.456057142856,35.14627065725123,37.9304083961473,-2.784137738896071,42.74306216770747,43.28035850508242,-0.5372963373749471
XGBoost,CSD,NATUR FRISK,7,True,26,514.5602714285715,19.828259501870885,20.267073055390046,-0.43881355351916085,20.944964376755202,21.974590170576793,-1.029625793821591
XGBoost,CSD,NICOLAS VAHE,7,False,26,2.5714285714285716,76.07654200659857,96.73308928807577,-20.656547281477202,42908327954.96119,54205989898.082886,-11297661943.121696
XGBoost,CSD,NIKOLINE,7,True,26,405.5571428571428,30.887409914181923,31.3230643859775,-0.43565447179557637,38.083953771087955,37.17825775482986,0.9056960162580978
XGBoost,CSD,NODA,7,True,26,94340.47169999997,29.635752911327483,31.348406470625484,-1.7126535592980012,29.007104977028185,30.627366850518463,-1.6202618734902785
XGBoost,CSD,NORNIR,7,True,26,187984.00000000003,58.34319141807662,58.43818742196335,-0.09499600388672746,63.01609631432316,71.49485149438682,-8.478755180063665
XGBoost,CSD,OLD JAMAICA,7,False,26,3.6462285714285714,95.66935846422177,118.16308686811301,-22.49372840389124,107630220089.7666,148905694523.94278,-41275474434.17618
XGBoost,CSD,ORANGINA,7,True,26,6495.892114285713,76.25592672584062,77.4549841098148,-1.1990573839741785,67.75432170848022,73.34257556805463,-5.588253859574408
XGBoost,CSD,PACHA,7,True,26,114.57142857142857,62.88657295436335,76.61946456033988,-13.732891605976526,77.0930981575568,104.76539840468139,-27.672300247124596
XGBoost,CSD,PEPSI,7,True,26,4126597.0140142874,9.89429481480985,13.771301172059996,-3.8770063572501456,9.23529720558193,13.27103700076143,-4.0357397951795
XGBoost,CSD,PUNCH! CLUB,7,True,26,63.71428571428571,32.716947820689114,59.51280551106406,-26.795857690374945,45.04533963830641,69.87110070915642,-24.825761070850014
XGBoost,CSD,QDOL,7,True,26,301.65532857142864,81.93781136536312,107.5633667137041,-25.62555534834098,90.7093397251509,105.5858050423909,-14.876465317240005
XGBoost,CSD,REINE DES LIMONADES,7,True,26,6976.714285714287,30.454907765964474,27.285935008452878,3.1689727575115967,34.94954254020659,32.923047683724995,2.026494856481598
XGBoost,CSD,RUBICON,7,True,26,85.57142857142856,31.837667805921654,31.05797934810786,0.7796884578137941,36.35421260859705,34.358771956995604,1.9954406516014487
XGBoost,CSD,RYNKEBY,7,True,26,105246.83498571429,9.328815194548376,12.076795984218142,-2.747980789669766,9.723932249215041,12.535654548429864,-2.811722299214823
XGBoost,CSD,SALTUM,7,True,26,4405.024957142856,38.94334695745822,34.48034777070886,4.462999186749357,39.767190083205065,35.65708732184113,4.110102761363933
XGBoost,CSD,SAN BENEDETTO,7,True,26,42.57142857142857,72.8894193700496,81.09670389418633,-8.207284524136739,113.18242990429816,169.64265934306937,-56.46022943877121
XGBoost,CSD,SAN PELLEGRINO,7,True,26,213759.64377142847,13.651910608963519,14.410826225230068,-0.7589156162665489,13.917848117886194,17.15008071605765,-3.232232598171457
XGBoost,CSD,SCHWEPPES,7,True,26,340999.6399857142,27.698987372944327,26.252883545199772,1.4461038277445546,26.55199415176299,26.40789216558341,0.1441019861795816
XGBoost,CSD,SFC,7,True,26,1139.571428571429,75.37484209056603,67.01797386361676,8.356868226949274,83.73091599000159,82.23079379720724,1.5001221927943504
XGBoost,CSD,SIRMA,7,True,26,677.2857142857143,24.420664235525205,32.918071123246676,-8.497406887721471,25.56878590154502,32.3693062737755,-6.80052037223048
XGBoost,CSD,SPRITE,7,True,26,88443.69415714286,16.573777126203296,17.072497031832743,-0.49871990562944646,15.014847566377792,16.006009158138717,-0.9911615917609247
XGBoost,CSD,THE LONDON ESSENCE,7,False,26,0.2857142857142857,259.66582372784615,663.4288594126701,-403.763035684824,56789096994.430664,177408298436.45483,-120619201442.02417
XGBoost,CSD,THE PERFECT MIXER,7,True,26,1163.5714285714287,30.692123310049297,18.138157965728585,12.553965344320712,49.87607463124657,42.37540310939159,7.500671521854976
XGBoost,CSD,THOMAS HENRY,7,True,26,18415.428571428572,24.531384392114887,28.82515488880633,-4.293770496691444,27.08706817325367,29.27067780552258,-2.1836096322689116
XGBoost,CSD,THOR,7,True,26,4529.260671428572,96.77153868080585,81.44363166224082,15.327907018565028,351.76230968021736,190.37729231781833,161.38501736239903
XGBoost,CSD,THY,7,True,26,11528.370871428577,15.062026102079557,10.99326376826836,4.068762333811197,16.08805676333067,10.601177470472326,5.486879292858344
XGBoost,CSD,TUBORG SQUASH,7,True,26,580383.6296285714,18.96828651183148,14.735237008742851,4.233049503088628,22.292523391562842,16.359195448988302,5.9333279425745395
XGBoost,CSD,ULUDAG,7,True,26,64992.43151428574,63.45194469784933,62.86138271613074,0.5905619817185865,48.41243973162299,59.47674745157957,-11.064307719956581
XGBoost,CSD,VESTFYN,7,False,26,13.714285714285714,170.15053362896043,136.89379418889683,33.2567394400636,2032404971977.3723,1737384431704.2087,295020540273.1636
XGBoost,CSD,VIMTO,7,True,26,245.02772857142853,26.364998522388454,31.119549797184536,-4.754551274796082,27.529321003772157,31.961184815529016,-4.431863811756859
XGBoost,CSD,VOELKEL,7,True,26,12.714285714285712,37.60891764351489,48.380760932236576,-10.771843288721684,42.485956459088655,57.9607932475689,-15.474836788480246
XGBoost,CSD,WARHEADS,7,True,26,375.0237571428571,60.328372977667996,45.44031761301536,14.888055364652637,117.22810530439784,118.28602009254534,-1.0579147881474995
XGBoost,CSD,ØKOBRUS,7,True,26,5309.142857142855,83.15716416354188,79.38349234986138,3.773671813680494,118.00905172527949,123.40808298937327,-5.399031264093779
XGBoost,CSD,ØNDLINGS,7,False,26,0.0,189797033369.54117,83038617670.53604,106758415699.00513,27113861909.934456,11862659667.219435,15251202242.715021
XGBoost,CSD,ØRBÆK,7,True,26,2206.2411,36.6579943054481,27.825335816905085,8.832658488543014,41.52344937181478,31.907402861420543,9.616046510394234
XGBoost,CSD,ØVRIGE BRAND,7,True,26,2782.451342857143,28.39323018907151,18.834423125673112,9.558807063398397,27.624694865610394,18.30611673162613,9.318578133984264
XGBoost,danskvand,ACQUA PANNA,6,True,22,909.3333333333334,23.232330814484627,55.97003813712828,-32.73770732264365,34.75596106478297,90.67376316121121,-55.91780209642824
XGBoost,danskvand,ACTIVE 02,6,True,22,972.7078166666666,111.57260094607793,251.0350995522027,-139.46249860612477,110.51276417775557,283.3134301488218,-172.80066597106622
XGBoost,danskvand,AQUA D'OR,6,True,22,245686.52035000012,33.18396923144424,38.68840852478348,-5.504439293339246,31.9688735256199,39.707020169113676,-7.738146643493774
XGBoost,danskvand,BLUE KELD,6,True,22,534927.5083666666,27.791431366827023,22.685433827073535,5.1059975397534885,27.855882845954365,20.538346443168177,7.317536402786189
XGBoost,danskvand,CARLSBERG KURVAND,6,True,22,3846.8599999999988,40.00216850713551,45.01980321829577,-5.017634711160262,36.98145195402966,45.473139508317,-8.491687554287338
XGBoost,danskvand,DENICE,6,True,22,438.40584999999993,112.74881197390727,114.56094207049823,-1.8121300965909626,652.2309462002053,1141.4926082253435,-489.2616620251382
XGBoost,danskvand,EGEKILDE,6,True,22,273989.30255,34.77618422913743,31.6550384803214,3.1211457488160264,32.4925344774079,37.0231904507664,-4.530655973358499
XGBoost,danskvand,EVIAN,6,True,22,5046.121483333333,18.083431163849657,20.522235366105303,-2.438804202255646,17.80777793965924,18.344440322335878,-0.5366623826766386
XGBoost,danskvand,FEVER TREE,6,False,22,1.8333333333333337,153.86681421236557,128.69467315348712,25.172141058878452,9332493554.532022,53545298228.052284,-44212804673.52026
XGBoost,danskvand,FIRST PRICE,6,True,22,495704.85834999994,16.330388881894617,19.42943226333352,-3.0990433814389036,15.04135283616916,16.941540624463727,-1.9001877882945664
XGBoost,danskvand,FREM,6,True,22,1549.5121833333333,22.047511811472678,18.122633290346364,3.9248785211263133,27.97164339452322,20.006355666565725,7.965287727957495
XGBoost,danskvand,HANCOCK,6,True,22,13917.570599999997,30.957632414638773,28.217017571059888,2.7406148435788857,30.46200368663547,29.45844163303156,1.0035620536039112
XGBoost,danskvand,HARBOE,6,True,22,2729208.9954666663,13.634699182734106,19.75412869915251,-6.119429516418403,12.365154981346834,18.283961106304737,-5.918806124957904
XGBoost,danskvand,KILDEVÆLD,6,True,22,242630.04681666673,31.722253399702605,13.011452267054855,18.710801132647752,25.82053249805031,12.470314278090932,13.350218219959377
XGBoost,danskvand,KIRVI,6,True,22,498.6666666666666,82.22924802392562,68.67870060517826,13.550547418747357,199.38259752999582,527.7304765751118,-328.347879045116
XGBoost,danskvand,LIQUID DEATH,6,False,22,3.3333333333333335,214.12266016006473,1094.2502236366272,-880.1275634765625,125018914659.76613,680444249153.9233,-555425334494.1572
XGBoost,danskvand,NATUR FRISK,6,False,22,1.9999999999999998,135.04645129044852,116.35077645381293,18.69567483663559,45587053034.36777,97539393192.93164,-51952340158.56387
XGBoost,danskvand,NERO,6,False,22,0.16666666666666666,1086.961030960083,346.10585421323776,740.8551767468452,164493505176.68048,44874308519.45775,119619196657.22273
XGBoost,danskvand,OK PLUS,6,True,22,1196.6666666666672,102.44963186364981,264.60796479727225,-162.15833293362243,87.07441155907993,194.2770120355292,-107.20260047644926
XGBoost,danskvand,OTHER BRAND,6,False,22,0.0,570295807719.2307,74042552852630.61,-73472257044911.38,95049301286.53845,12340425475438.436,-12245376174151.896
XGBoost,danskvand,PERRIER,6,True,22,5237.503083333334,34.51677408743012,26.016559238958763,8.500214848471359,34.17796001468731,23.0362604735543,11.141699541133008
XGBoost,danskvand,RAMLOESA,6,False,22,0.0,631648266315.4602,32871360564231.87,-32239712297916.41,105274711052.57669,5478560094038.6455,-5373285382986.068
XGBoost,danskvand,SALTUM,6,True,22,442.95576666666665,36.14098809052159,77.11027809139448,-40.96929000087289,40.660417420661375,88.35651989815386,-47.69610247749249
XGBoost,danskvand,SAN BENEDETTO,6,True,22,1615.69655,15.796326771458252,35.72397322363135,-19.927646452173093,15.136366299137357,41.22286756874316,-26.086501269605805
XGBoost,danskvand,SAN PELLEGRINO,6,True,22,138942.9246,14.936204412827376,15.448499269365978,-0.5122948565386025,16.60955846054368,16.805231192600576,-0.19567273205689517
XGBoost,danskvand,SIRMA,6,False,22,0.0,334565638378.2625,22758305072.784424,311807333305.4781,55760939729.71043,3793050845.464071,51967888884.24635
XGBoost,danskvand,THY,6,True,22,781.8333333333331,35.70369540742912,42.492655614016535,-6.7889602065874115,36.762417658599716,46.00836892808471,-9.24595126948499
XGBoost,danskvand,ULUDAG,6,False,22,5.833333333333333,96.84610571180072,81.65512970515661,15.190976006644107,111055406001.76384,58179481891.53913,52875924110.22471
XGBoost,danskvand,WATER BOX,6,True,22,206.3333333333333,67.59326145991758,95.53784677015564,-27.944585310238054,57.719977339490015,81.75487442950963,-24.034897090019612
XGBoost,energidrikke,4MOVE,7,True,23,8894.719714285713,33.762551461259825,37.990672434668404,-4.228120973408579,31.832719854259604,36.167961083196545,-4.33524122893694
XGBoost,energidrikke,AQUA D'OR,7,True,23,1442.1598714285715,43.06274422058948,50.179460446393165,-7.116716225803685,51.044131012966886,59.25331324769332,-8.209182234726434
XGBoost,energidrikke,BANG,7,False,23,0.0,580639962106.9431,974578499887.1385,-393938537780.19543,82948566015.27759,139225499983.87695,-56276933968.599365
XGBoost,energidrikke,BOBLI VITAMINS,7,False,23,0.0,580639962106.9431,974578499887.1385,-393938537780.19543,82948566015.27759,139225499983.87695,-56276933968.599365
XGBoost,energidrikke,BODYLAB,7,False,23,0.0,698506946861.7439,56278657913.20801,642228288948.5359,99786706694.53485,8039808273.31543,91746898421.21942
XGBoost,energidrikke,BUTTERFLY,7,False,23,12965.285714285716,134.79102870621676,113.58407943896067,21.206949267256093,1094566857589.6711,1261919200169.185,-167352342579.51392
XGBoost,energidrikke,CLUTCH COGNITION,7,True,23,409.14285714285705,87.15249080231735,61.69494916606881,25.457541636248536,145.69984140553814,124.89752647903778,20.802314926500358
XGBoost,energidrikke,CLUTCH INNOSODA,7,True,23,83.85714285714286,77.94500802607106,73.66627688302295,4.27873114304812,128.4881339739602,58.75087967309638,69.73725430086382
XGBoost,energidrikke,COLLAB,7,True,23,12742.142857142855,21.601857017980265,27.33342654261729,-5.731569524637024,24.598498062897797,29.564650797835956,-4.966152734938159
XGBoost,energidrikke,CULT,7,True,23,81448.13612857142,61.17862179004886,19.886316695189947,41.29230509485891,62.9914410391783,21.58946462703471,41.40197641214358
XGBoost,energidrikke,EASIS,7,False,23,2.5714285714285716,123.03589085737865,146.7448738714059,-23.708983014027254,84601434248.07452,145539103274.02814,-60937669025.95361
XGBoost,energidrikke,ENERVIT,7,False,23,42.57142857142857,92.29248866138843,82.87764939685796,9.414839264530471,174605873722.37833,255666623861.9657,-81060750139.58737
XGBoost,energidrikke,FAXE KONDI BOOSTER,7,True,23,2426199.275757143,6.539784304953359,11.279879723471542,-4.740095418518183,6.492881935305041,11.265442848795445,-4.772560913490404
XGBoost,energidrikke,FAXE KONDI PRO,7,True,23,56250.20312857145,14.535066992287613,19.879288562418044,-5.344221570130431,15.439053996160759,19.37659157427787,-3.9375375781171122
XGBoost,energidrikke,FIRE ENERGY,7,True,23,7072.833828571433,54.29593373005057,67.5405216946556,-13.244587964605024,1375.177027544429,1162.181139728085,212.99588781634384
XGBoost,energidrikke,GATORADE,7,True,23,7554.160628571425,39.913928092694555,52.33951065647867,-12.425582563784118,46.48642776316319,76.49792300643202,-30.011495243268826
XGBoost,energidrikke,GLACEAU,7,False,23,0.0,580639962106.9431,974578499887.1385,-393938537780.19543,82948566015.27759,139225499983.87695,-56276933968.599365
XGBoost,energidrikke,HEAVE,7,True,23,698.8302285714286,31.330189537425152,51.129387430257246,-19.799197892832094,57.77007964833639,57.12405158061152,0.6460280677248704
XGBoost,energidrikke,HERO,7,False,23,0.14285714285714285,1876.6885198652744,417.28631258010864,1459.4022072851658,264903121870.54535,45801178060.44637,219101943810.09897
XGBoost,energidrikke,INZYM,7,False,23,0.0,765501296520.2332,348975183069.70593,416526113450.5272,109357328074.31903,49853597581.386566,59503730492.932465
XGBoost,energidrikke,KICK IN,7,True,23,2136.0933142857143,14.963710162979233,22.982495164355267,-8.018785001376035,14.27150242160151,22.96136104702842,-8.68985862542691
XGBoost,energidrikke,LINUSPRO,7,False,23,40.42857142857143,103.13656827165045,81.70851966886133,21.42804860278912,48456662559.129814,1269031428.674771,47187631130.45504
XGBoost,energidrikke,LOHILO,7,False,23,144.28571428571425,104.89227769398461,151.39513381636976,-46.502856122385154,41300947552.70801,15160744682.228687,26140202870.47932
XGBoost,energidrikke,MANA ENERGY,7,True,23,7.7142857142857135,69.40154234568277,105.1060261549773,-35.70448380929453,181.66656349401666,268.2407149477469,-86.57415145373022
XGBoost,energidrikke,MATCHA ENERGY,7,False,23,0.0,216877136543393.12,574748000901937.4,-357870864358544.25,30982448077627.582,82106857271705.36,-51124409194077.78
XGBoost,energidrikke,MONSTER ENERGY,7,True,23,2842379.956342858,12.158509802933812,12.455491185274242,-0.29698138234043014,12.545018681411033,11.60305190454504,0.9419667768659927
XGBoost,energidrikke,MORTAL KOMBAT,7,False,23,0.0,559941901266.5748,264036729186.77332,295905172079.8015,79991700180.93927,37719532740.96761,42272167439.97166
XGBoost,energidrikke,MUST ESSENTIALS,7,False,23,1.8571428571428577,523.6579143084012,831.9370344281194,-308.2791201197182,55842096747.6415,27833961176.05787,28008135571.583633
XGBoost,energidrikke,NAILED,7,True,23,104185.65568571426,31.394596269454784,32.897681406319634,-1.5030851368648506,32.40684426050401,33.80077104654309,-1.3939267860390814
XGBoost,energidrikke,NOCCO,7,True,23,94399.3662857143,35.97640623287198,31.918776141330156,4.057630091541824,35.51275841252321,27.780258928860125,7.732499483663087
XGBoost,energidrikke,NUTRAMINO,7,True,23,391.71428571428584,119.24927751136289,50.54179413487314,68.70748337648975,126.06743966727565,71.21034415056704,54.85709551670861
XGBoost,energidrikke,OTHER BRAND,7,False,23,0.0,1184799457341.4326,1883492373162.8804,-698692915821.4478,169257065334.49036,269070339023.26865,-99813273688.77829
XGBoost,energidrikke,POWERADE,7,True,23,165956.52727142855,25.63259970597862,25.274890983715853,0.3577087222627675,24.85481664493506,22.236463381481368,2.6183532634536917
XGBoost,energidrikke,POWERKING,7,True,23,73477.21618571428,18.1289090242952,29.127813625118144,-10.998904600822943,18.705586754174668,28.881473624454085,-10.175886870279417
XGBoost,energidrikke,PRIME,7,True,23,17.571428571428573,87.65259176734988,297.98384294277287,-210.331251175423,132.648447444067,181.29521292726068,-48.64676548319369
XGBoost,energidrikke,PRO:VOLU,7,True,23,35.14285714285713,74.34102432514594,35.52256706284312,38.818457262302815,219.8100189945868,75.03367787212987,144.77634112245693
XGBoost,energidrikke,RED BULL,7,True,23,2649629.500485714,10.56194623566856,10.210761253616955,0.3511849820516044,10.968717065385288,9.972991786716191,0.9957252786690969
XGBoost,energidrikke,ROCKSTAR,7,True,23,6.428571428571428,102.40382671356201,250.94913175536527,-148.54530504180326,113.47780783971153,187.44754207157902,-73.96973423186749
XGBoost,energidrikke,RUBICON,7,False,23,0.14285714285714285,443.76647379249334,484.1523237526417,-40.385849960148335,57006376003.58306,61097036203.720406,-4090660200.1373444
XGBoost,energidrikke,SMAG,7,True,23,8552.860042857143,15.426377647154798,31.53541352597053,-16.10903587881573,15.4967898981971,33.08044270435735,-17.583652806160252
XGBoost,energidrikke,STATE,7,True,23,279049.98957142857,22.84359537465507,14.56842277420579,8.275172600449281,21.74096900926241,14.886334274793542,6.854634734468869
XGBoost,energidrikke,STATE VITAMIN,7,True,23,30560.345499999996,17.19867890009158,18.261769749660477,-1.0630908495688978,16.944785181296844,17.21590010406097,-0.2711149227641272
XGBoost,energidrikke,VITAMIN WELL,7,True,23,267018.6560999999,28.491652337182366,50.23694406933345,-21.74529173215108,28.998508873526823,49.634184371137295,-20.63567549761047
XGBoost,energidrikke,X-RAY,7,False,23,0.0,108622735738.75427,480514585971.8323,-371891850233.078,15517533676.964897,68644940853.1189,-53127407176.154
XGBoost,RTD,AERIS,6,True,22,12.33333333333333,48.759598345369916,73.38585080327216,-24.626252457902247,68.35407484053464,90.1610830686491,-21.80700822811447
XGBoost,RTD,ANDERSEN WINERY,6,True,22,12.5,38.65416717529297,48.980775197347,-10.326608022054032,34.01640038498323,47.14253504870315,-13.126134663719924
XGBoost,RTD,ANGIOLETTI,6,False,22,6.437866666666667,88.75494011591468,107.0939785641552,-18.339038448240515,131184339566.09409,229348452936.47128,-98164113370.3772
XGBoost,RTD,APEROL,6,True,22,4800.849516666666,42.02167692335366,42.5242031718353,-0.5025262484816437,46.189734731210294,39.76482688204122,6.424907849169074
XGBoost,RTD,ART OF THE REFILL,6,True,22,3959.1666666666674,28.631376741409714,33.0049530588133,-4.373576317403586,26.32587748544845,37.76348139773979,-11.437603912291337
XGBoost,RTD,BACARDI,6,True,22,18.83333333333334,186.6663747129187,342.65662674355286,-155.99025203063417,309.15034040129166,573.6861614571665,-264.5358210558748
XGBoost,RTD,BOLD,6,True,22,5104.459983333334,38.55723230682106,36.86857580590823,1.6886565009128276,44.18165710742687,39.29124765154896,4.890409455877915
XGBoost,RTD,BOMBAY,6,False,22,0.0,2458260741457.343,849974735453.7247,1608286006003.6182,409710123576.2239,141662455908.95413,268047667667.26974
XGBoost,RTD,BOTTEGA,6,True,22,509.4107166666666,54.82041359695007,33.827529065623004,20.992884531327064,55.20506573704467,27.19365380175033,28.01141193529434
XGBoost,RTD,BREEZER,6,True,22,1064983.146016667,39.93825576794717,43.867375444458176,-3.9291196765110072,50.20615312473393,46.306504082166704,3.8996490425672263
XGBoost,RTD,BRYGHUSET BRAUNSTEIN,6,False,22,5.166666666666667,89.39469322081534,84.73351463194815,4.6611785888671875,18773452538.915627,34695434618.5474,-15921982079.631775
XGBoost,RTD,BULMERS,6,True,22,97.66666666666669,28.053571421131718,21.17704189678099,6.876529524350726,28.403184355846612,22.499012543877143,5.904171811969469
XGBoost,RTD,BUZZBALLZ,6,True,22,7778.416183333337,20.368297303488045,21.190378026012883,-0.8220807225248379,18.089740156869563,20.229199941567135,-2.1394597846975714
XGBoost,RTD,CHANDON,6,True,22,316.87448333333333,25.088826505791744,28.17142895228984,-3.082602446498097,36.754659166785,31.961109872209224,4.793549294575772
XGBoost,RTD,CLASSIC COCKTAILS,6,True,22,2836.9341166666673,68.9397916926411,88.00403578206196,-19.064244089420868,61.27651298884721,45.276119258011946,16.000393730835263
XGBoost,RTD,COCKY CRANE,6,False,22,0.0,169953406229.6152,573716352880.0011,-403762946650.38586,28325567704.935867,95619392146.66685,-67293824441.73099
XGBoost,RTD,COPPA,6,True,22,38.51626666666667,15.767351878293843,30.48545056482291,-14.718098686529066,17.839602835758853,29.794628880157347,-11.955026044398494
XGBoost,RTD,CULT MODJO,6,False,22,0.3333333333333334,2191.2495285272594,2593.7042117118826,-402.45468318462326,701936644329.9596,843888024499.4248,-141951380169.4652
XGBoost,RTD,FEJØ,6,False,22,8.666666666666666,67.19075624759381,47.02753745592557,20.163218791668243,156931702348.9146,122774998381.32956,34156703967.585052
XGBoost,RTD,FUNKIN,6,True,22,1996.8333333333333,34.476109186224534,43.242412261797334,-8.7663030755728,34.793224621256115,42.84091404816636,-8.047689426910246
XGBoost,RTD,G&T,6,False,22,0.0,502808998525.1427,21400593221.18759,481408405303.9551,83801499754.19044,3566765536.8645988,80234734217.32585
XGBoost,RTD,GALIPETTE,6,True,22,11.5,34.467616979626634,41.32217669832533,-6.854559718698695,37.78643308665215,43.8286297770863,-6.042196690434146
XGBoost,RTD,HAPPY JOE,6,True,22,46.614700000000006,105.27466862907656,114.14883026468561,-8.874161635609056,96.39209218841096,103.30502220975629,-6.912930021345332
XGBoost,RTD,IMPRESS,6,True,22,11.833333333333336,65.53749465186831,73.2257752351358,-7.688280583267485,55.704880192881156,68.10892067202226,-12.40404047914111
XGBoost,RTD,LA CHOUETTE,6,True,22,7.833333333333332,55.084476572401975,74.16273228665615,-19.078255714254176,49.59097755537796,84.2707216630203,-34.679744107642335
XGBoost,RTD,LE COQ,6,False,22,0.0,262900844961.4048,590973747707.9034,-328072902746.49866,43816807493.56747,98495624617.9839,-54678817124.416435
XGBoost,RTD,LIME DAIQUIRI,6,False,22,0.0,618146944046.0205,26601115241.646763,591545828804.3738,103024490674.33676,4433519206.941128,98590971467.39563
XGBoost,RTD,MAGNERS,6,True,22,8070.556483333331,14.230251762957211,14.779328162522223,-0.5490763995650116,13.742756473249695,16.476905174895354,-2.7341487016456583
XGBoost,RTD,MALFY,6,False,22,12.500000000000002,600.918742497762,373.42130329211545,227.49743920564651,506537375116.4877,95107737155.08153,411429637961.4061
XGBoost,RTD,MIKROPOLIS COCKTAILS,6,True,22,6656.078200000001,18.996743630858152,13.07295319284417,5.923790438013983,19.99883373788281,15.392260533932431,4.6065732039503775
XGBoost,RTD,MOJITO,6,False,22,0.0,120304563641.54816,30107854306.697845,90196709334.85031,20050760606.92469,5017975717.782974,15032784889.141716
XGBoost,RTD,MOKAÏ,6,True,22,31931.851066666673,58.57052996667698,114.42972022917444,-55.85919026249746,80.24576929147399,127.62910897415205,-47.383339682678056
XGBoost,RTD,NOHRLUND,6,True,22,134.20605000000003,35.92321117403963,26.52503458978341,9.39817658425622,49.40732242745458,44.30986754199339,5.09745488546119
XGBoost,RTD,NORDIC BY NATURE,6,True,22,29.5,41.25840461860269,42.86477902514786,-1.6063744065451715,48.424172771094945,50.54607342913358,-2.1219006580386335
XGBoost,RTD,NORTH OAK,6,True,22,3558.0000000000023,25.649840862580742,36.24659011666413,-10.596749254083388,26.039710312002732,30.139787879435005,-4.1000775674322725
XGBoost,RTD,NYBORG DISTILLERY,6,False,22,3.8333333333333326,71.32948585178539,78.08154147604236,-6.752055624256968,49841237111.771194,34265466596.371906,15575770515.399288
XGBoost,RTD,NØRREBRO,6,True,22,189.91566666666665,26.507477749409762,20.0614520315082,6.446025717901563,26.181187341764243,23.360166284064633,2.8210210576996104
XGBoost,RTD,OTHER BRAND,6,False,22,0.0,281634679436.68365,25507006887.346504,256127672549.33716,46939113239.44728,4251167814.5577507,42687945424.88953
XGBoost,RTD,PALLINI,6,True,22,597.5,55.515220567604814,61.16353821056158,-5.648317642956769,77.67795981488507,71.61776457146458,6.060195243420495
XGBoost,RTD,PALOMA (ISH),6,False,22,0.0,1351775610446.93,19876943156.12316,1331898667290.807,225295935074.4883,3312823859.35386,221983111215.13446
XGBoost,RTD,PUNCH! CLUB,6,True,22,8421.064683333336,24.92408214820029,24.966714147409064,-0.0426319992087727,33.25186537455135,30.534994091171313,2.716871283380037
XGBoost,RTD,RAW CIDER,6,False,22,0.0,262900844961.4048,590973747707.9034,-328072902746.49866,43816807493.56747,98495624617.9839,-54678817124.416435
XGBoost,RTD,READY TO DRINK,6,True,22,70780.33333333331,30.73204443265784,30.07980272592198,0.652241706735861,37.389604527896836,34.44230670203987,2.947297825856964
XGBoost,RTD,REKORDERLIG,6,True,22,332.5163333333334,16.966838614510582,16.39842123528166,0.5684173792289222,17.7671849638884,17.97112146096415,-0.20393649707574824
XGBoost,RTD,SHAKER,6,True,22,832245.9251833333,30.595320809440064,26.50816480934628,4.087156000093785,35.75528461725217,30.031006539064386,5.724278078187787
XGBoost,RTD,SHEPPYS,6,True,22,134.16666666666666,11.540985107421871,18.97682711204386,-7.435842004621989,14.598026732654171,22.540481218889248,-7.942454486235077
XGBoost,RTD,SIR. JAMES 101,6,True,22,5159.515983333334,75.98533534792502,70.06774369694821,5.917591650976803,66.8588272828629,42.8878354495861,23.970991833276805
XGBoost,RTD,SJUSS,6,True,22,21.83333333333333,93.75878690763284,98.38909083650314,-4.630303928870305,129.63203073894908,98.94301847848817,30.689012260460913
XGBoost,RTD,SKÆRSØGAARD,6,False,22,3.3333333333333335,94.63296949863434,107.96600222587584,-13.333032727241502,30935045164.298622,102852416131.92906,-71917370967.63043
XGBoost,RTD,SMIRNOFF,6,True,22,15396.94055,79.00294821567635,78.25838552542031,0.7445626902560463,65.72197932326527,54.60933668819007,11.112642635075204
XGBoost,RTD,SMIRNOFF ICE/TWISTED,6,True,22,592234.7238666666,37.31975044643386,27.711363490896655,9.608386955537203,78.60537049921086,68.60073582316176,10.004634676049108
XGBoost,RTD,SMÅ,6,False,22,0.3333333333333333,304.85176406800747,615.3131678700447,-310.46140380203724,59761938494.575966,196112508087.40808,-136350569592.83212
XGBoost,RTD,SOMERSBY,6,True,22,330164.4605666666,41.67168326042536,36.931612624423856,4.740070636001505,37.49897115655092,34.721055927576955,2.777915228973967
XGBoost,RTD,SPIRIT GARDEN,6,True,22,226.6671333333334,48.853693403672345,20.678111593246257,28.17558181042609,57.696566770783434,24.358212654371414,33.33835411641202
XGBoost,RTD,SPRITZ,6,False,22,0.0,107888719439.50653,126801332831.38275,-18912613391.87622,17981453239.917755,21133555471.897125,-3152102231.97937
XGBoost,RTD,STOWFORD PRESS,6,True,22,673.6306666666666,24.28005592400149,33.52944418121004,-9.249388257208548,27.897827189705186,36.09823789429563,-8.200410704590443
XGBoost,RTD,STRONGBOW,6,True,22,1693.4999999999993,63.48429539930793,52.63094329984151,10.85335209946642,58.97504239658986,54.160841949320805,4.814200447269059
XGBoost,RTD,TANQUERAY,6,True,22,4407.275200000001,18.236115615756496,38.37648907747324,-20.14037346171674,19.754193398710566,38.82008164923135,-19.065888250520782
XGBoost,RTD,THATCHERS,6,True,22,268.16666666666663,14.013142701333322,18.527069945302785,-4.513927243969462,16.143156098830733,17.618130371030002,-1.474974272199269
XGBoost,RTD,THE COCKTAIL FACTORY,6,True,22,10.833333333333334,90.15840236957257,69.40685492295484,20.751547446617735,210.47629102080495,111.90709825916434,98.56919276164061
XGBoost,RTD,WESTONS,6,True,22,195.2156666666667,9.046782909759536,18.44722607622555,-9.400443166466015,8.543565289428546,19.775113474956584,-11.231548185528037
XGBoost,RTD,ÆBLEROV,6,True,22,8.833333333333334,55.20275763745578,100.98919373638225,-45.786436098926465,62.336626143629644,88.81290821669727,-26.476282073067622
