category,table,column,kind,dtype,m_data_type,m_unit,m_null_meaning,m_description,has_metadata,all_null,dtype_mismatch,n_rows,example,min,max,mean,median,mode,std,distinct,nulls,null_pct,zeros,negatives
CSD,facts,market_id,numeric,int64,string,N/A,not nullable,Foreign key to the Market dimension. Joins facts to market metadata. Never NULL.,True,False,True,10311342,1262109,1255956,2195818,1.399e+06,1262119,1262102,2.056e+05,86,0,0.0,0,0
CSD,facts,period_id,numeric,int64,string,N/A,not nullable,Foreign key to the Period dimension. Joins facts to period metadata. Never NULL.,True,False,True,10311342,46703,38797,46904,4.139e+04,40695,46904,2298,46,0,0.0,0,0
CSD,facts,product_id,numeric,int64,string,N/A,not nullable,Foreign key to the Product dimension. Joins facts to product metadata. Never NULL.,True,False,True,10311342,21280,1,130738,1.292e+04,6008,406,1.906e+04,"8,881",0,0.0,0,0
CSD,facts,sales_value,numeric,float64,double,DKK,,Total sales out of store expressed in Danish Krone (DKK). Consumer retail price including VAT (point-of-sale scanner data). This is the TOTAL — promo + non-promo combined. NULL = no data for this market/product/period combination.,True,False,False,10311342,16990.9294,-2.043e+04,5.616e+08,7.001e+05,4299,0,9.082e+06,"1,805,726","508,714",4.9,"373,587","2,652"
CSD,facts,sales_in_liters,numeric,float64,double,liters,,Total sales out of store expressed in litres. Includes both promo and non-promo volume. NULL = no data for this combination.,True,False,False,10311342,7540.3459,-4308,5.305e+07,6.629e+04,153.8,0,8.908e+05,"1,170,735","508,714",4.9,"373,243","2,710"
CSD,facts,sales_units,numeric,float64,double,units,,Total sales out of store expressed in consumer purchase units (individual packs / bottles / cans as scanned at checkout). Includes both promo and non-promo. NULL = no data.,True,False,False,10311342,2513.4486,-900,3.49e+07,4.537e+04,302,0,6.077e+05,"1,005,971","508,714",4.9,"373,243","2,691"
CSD,facts,sales_value_any_promo,numeric,float64,double,DKK,,"Value of sales (DKK) made on any type of promotion (TPR, display, feature, or any combination). Subset of sales_value: total = promo + non-promo. NOT applicable in Total Market incl Hard Discount (Lidl is cash-slip only). A small number of fact rows show promo slightly exceeding total due to rounding (<1,000 DKK); cap with MIN(promo, total) when displaying. NULL = promo not tracked for this combination.",True,False,False,10311342,463188.3853,-3.193e+04,3.083e+08,5.977e+05,791.4,0,6.809e+06,"354,726","7,793,737",75.6,"1,038,282",348
CSD,facts,sales_in_liters_any_promo,numeric,float64,double,liters,,Volume in litres sold on any type of promotion. Subset of sales_in_liters. NULL = promo not tracked. Not applicable in Total Market incl Hard Discount.,True,False,False,10311342,83215.2318,-2.172e+04,3.916e+07,6.321e+04,27.24,0,7.378e+05,"336,078","7,793,737",75.6,"1,038,326",353
CSD,facts,sales_units_any_promo,numeric,float64,double,units,,Units sold on any type of promotion. Subset of sales_units. NULL = promo not tracked. Not applicable in Total Market incl Hard Discount.,True,False,False,10311342,197333.6973,-1.822e+04,2.183e+07,3.38e+04,56.81,0,4.051e+05,"331,642","7,793,737",75.6,"1,038,326",383
CSD,facts,sales_units_any_tpr,numeric,float64,double,units,,Units sold specifically on Temporary Price Reduction (TPR). TPR is a subset of 'any promo'. NULL = TPR not tracked.,True,False,False,10311342,195272.0553,-1.822e+04,1.987e+07,2.549e+04,7.841,0,3.191e+05,"291,884","7,793,737",75.6,"1,218,224",824
CSD,facts,baseline_sales_value,numeric,float64,double,DKK,,"Modeled value sales (DKK) that would have occurred in the absence of any promotions, calculated using Nielsen's proprietary baseline model. Includes non-promoted actual sales plus estimated sales that would have happened without promo support. CAN exceed actual sales_value when promotions had a negative incremental effect. Relationship: incremental_value = sales_value - baseline_sales_value. NULL = baseline not modeled for this combination (e.g. promo not tracked in this market).",True,False,False,10311342,535345.2878,0,3.278e+08,6.729e+05,7671,0,7.437e+06,"540,885","7,793,737",75.6,"4,284",0
CSD,facts,baseline_sales_in_liters,numeric,float64,double,liters,,Modeled volume in litres that would have occurred without promotions. Same baseline-model logic as baseline_sales_value. NULL = not modeled.,True,False,False,10311342,90122.7822,0,2.787e+07,5.712e+04,285.1,0.5,6.379e+05,"500,262","7,793,737",75.6,"4,134",0
CSD,facts,baseline_sales_units,numeric,float64,double,units,,Modeled units that would have occurred without promotions. NULL = not modeled.,True,False,False,10311342,106118.9303,0,2.559e+07,4.624e+04,515,1,5.31e+05,"497,907","7,793,737",75.6,"4,134",0
CSD,facts,baseline_sales_value_any_promo,numeric,float64,double,DKK,,Baseline value sales (DKK) attributed specifically to the promoted portion. Used together with sales_value_any_promo to calculate promotional efficiency (PEI = Promotional Efficiency Index). NULL = not modeled.,True,False,False,10311342,74660.4241,0,1.387e+08,2.903e+05,344.2,0,3.244e+06,"351,269","7,793,737",75.6,"1,079,564",0
CSD,facts,baseline_sales_in_liters_any_promo,numeric,float64,double,liters,,Baseline volume in litres for the promoted portion. NULL = not modeled.,True,False,False,10311342,14060.8082,0,1.108e+07,2.398e+04,9.9,0,2.692e+05,"345,957","7,793,737",75.6,"1,079,581",0
CSD,facts,baseline_sales_units_any_promo,numeric,float64,double,units,,Baseline units for the promoted portion. NULL = not modeled.,True,False,False,10311342,12912.3344,0,7.262e+06,1.518e+04,20.68,0,1.736e+05,"347,665","7,793,737",75.6,"1,079,581",0
CSD,facts,numeric_distribution,numeric,float64,double,fraction (0-1),,"Average WEEKLY percentage of stores where the product was sold for the chosen period, stored as a fraction 0-1 (multiply by 100 for %). Measures physical availability regardless of store size. Example: 0.45 means the product was sold in 45% of stores on average per week. NULL = not measured (e.g. aggregate product hierarchy levels, or cash-slip markets like Lidl).",True,False,False,10311342,1.0,5.2e-05,1,0.2073,0.04412,1,0.3052,"1,030,253","1,518,015",14.7,0,0
CSD,facts,numeric_distribution_reach,numeric,float64,double,fraction (0-1),,"Percentage of stores that sold the selected product at ANY point during the entire selected period (not weekly average), stored as a fraction 0-1. Higher than numeric_distribution because a store only needs to sell once in the period to count. NULL = not measured.",True,False,False,10311342,1.0,0,1,0.2269,0.04975,0,0.3226,"773,180","683,325",6.6,"834,690",0
CSD,facts,weighted_distribution,numeric,float64,double,fraction (0-1),,"Average WEEKLY percentage of total CATEGORY TURNOVER (value sales) accounted for by stores that sold the selected product, ACV-weighted (All Commodity Volume). Stored as a fraction 0-1. Example: 0.85 = stores carrying this product represent 85% of category sales. More meaningful than numeric distribution because it weights by store importance. NOT additive across products. ~16.7% of CSD fact rows are NULL (aggregate levels, cash-slip markets like Lidl, or new products mid-period).",True,False,False,10311342,1.0,3e-06,1.003,0.2403,0.0624,1,0.3227,"721,801","1,518,560",14.7,0,0
CSD,facts,weighted_distribution_reach,numeric,float64,double,fraction (0-1),,"Percentage of total category turnover accounted for by stores that sold the selected product at ANY point during the entire period, stored as a fraction 0-1. Reach version: any single sale in the period qualifies the store. Always >= weighted_distribution. NULL = not measured.",True,False,False,10311342,1.0,1.3e-05,1,0.2823,0.09807,1,0.3442,"764,795","1,519,079",14.7,0,0
CSD,facts,total_weighted_distribution_points_tdp_reach,numeric,float64,double,decimal (0+),,Total Distribution Points (TDP). Sum of weighted distribution across all items within a brand/product group that were sold at any point during the period (reach). Measures BREADTH of assortment weighted by store importance. Example: a brand with 5 SKUs each at 0.80 weighted-distribution-reach has TDP ~4.0. NOT a percentage and NOT bounded by 1 — do NOT multiply by 100. NULL = not measured.,True,False,False,10311342,36.7202,1.3e-05,269.2,1.521,0.1042,1,11.47,"1,200,645","1,519,035",14.7,0,0
CSD,facts,number_of_items_reach,numeric,float64,double,items,,"Number of distinct UPC items (SKUs) within the selected product group that were sold at any point during the period (reach). Measures assortment BREADTH. Only meaningful at aggregate product levels (brand, manufacturer); NULL at the UPC level.",True,False,False,10311342,650.0,0.4636,4.33e+05,582.7,22,1,6999,"504,753","1,471,010",14.3,0,0
CSD,facts,avg_number_of_stores_selling_reach,numeric,float64,double,stores,,Average number of stores in the universe that sold the product at any point during the period. Reach-based: a store counts if it sold at least once. Compare against universe_number_of_stores to derive % distribution.,True,False,False,10311342,18.0,0,3830,99.65,15.48,1,246.8,"353,965","633,558",6.1,"837,452",0
CSD,facts,universe_number_of_stores,numeric,float64,double,stores,,"Total number of physical stores in the selected market universe. Market-level attribute, NOT product-specific — same value for all products within a given market. NULL = not available for this market.",True,False,False,10311342,2726.75,1,4002,733,366,18,925.2,"1,926",0,0.0,0,0
CSD,facts,avg_no_of_items_per_store_reach,numeric,float64,double,items,,"Average number of items (SKUs) a brand/manufacturer/segment has per store, computed across stores that carry at least one item. Measures DEPTH of assortment per store.",True,False,False,10311342,36.1111,0.5258,266.9,2.16,1,1,10.07,"153,641","1,471,010",14.3,0,0
CSD,facts,weighted_distribution_any_promo,numeric,float64,double,fraction (0-1),,Percentage of category turnover (fraction 0-1) accounted for by stores that sold the product ON PROMOTION in the period. Subset of weighted_distribution. NULL = promo not tracked. Not applicable in Total Market incl Hard Discount.,True,False,False,10311342,0.6895,1.5e-05,1.009,0.2293,0.09178,1,0.2861,"285,583","8,832,076",85.7,0,0
CSD,facts,weighted_distribution_disp_feat,numeric,float64,double,fraction (0-1),,Percentage of category turnover (fraction 0-1) accounted for by stores that sold the product with BOTH display AND feature (in-store flyer/ad) simultaneously. The strongest promotional signal. NULL = not tracked.,True,False,False,10311342,0.1895,3.1e-05,1,0.1667,0.06079,1,0.2407,"109,388","9,940,931",96.4,0,0
CSD,facts,weighted_distribution_disp_w_o_feat,numeric,float64,double,fraction (0-1),,Percentage of category turnover (fraction 0-1) accounted for by stores that sold the product with display only (without accompanying feature advertising). NULL = not tracked.,True,False,False,10311342,0.3013,2.3e-05,1.001,0.1108,0.03923,1,0.1869,"202,877","9,193,734",89.2,0,0
CSD,facts,weighted_distribution_feat_w_o_disp,numeric,float64,double,fraction (0-1),,Percentage of category turnover (fraction 0-1) accounted for by stores that sold the product with feature/flyer only (without accompanying secondary display). NULL = not tracked.,True,False,False,10311342,0.3286,5.2e-05,1.006,0.2378,0.1445,1,0.2657,"136,576","9,869,768",95.7,0,0
CSD,facts,weighted_distribution_total_feat,numeric,float64,double,fraction (0-1),,Percentage of category turnover (fraction 0-1) accounted for by stores that promoted the product with any in-store FEATURE/FLYER (with or without accompanying display). NULL = not tracked.,True,False,False,10311342,0.3286,3.1e-05,1.006,0.2985,0.2113,1,0.2856,"129,065","9,865,540",95.7,0,0
CSD,facts,weighted_distribution_any_disp,numeric,float64,double,fraction (0-1),,"Percentage of category turnover (fraction 0-1) accounted for by stores that sold the product on ANY secondary display (endcap, floor stand, dump bin, pallet, etc.) in the period. NULL = display not tracked.",True,False,False,10311342,0.3995,2.3e-05,1.003,0.1367,0.04533,1,0.2164,"214,812","9,173,260",89.0,0,0
CSD,facts,weighted_distribution_any_tpr,numeric,float64,double,fraction (0-1),,Percentage of category turnover (fraction 0-1) accounted for by stores that sold the product on Temporary Price Reduction (TPR) in the period. TPR = any price cut from regular shelf price. Subset of promotional distribution. NULL = TPR not tracked.,True,False,False,10311342,0.6597,1.4e-05,1.007,0.1956,0.0675,1,0.2631,"250,654","9,012,443",87.4,0,0
CSD,dim_product,product_id,numeric,int64,string,N/A,not nullable,Foreign key to the Product dimension. Joins facts to product metadata. Never NULL.,True,False,True,2130,130714,1,130736,2.413e+04,7658,1,3.218e+04,"2,130",0,0.0,0,0
CSD,dim_product,category,text,object,string,N/A,,Top-level category label for this dataset: 'CSD' (Carbonated Soft Drinks). All rows in this dataset roll up to this category at hierarchy level 1.,True,False,False,2130,CSD,CSD,CSD,3.0 chars,3 chars,CSD,"2,130x",1,0,0.0,,
CSD,dim_product,manufacturer,text,object,string,N/A,,Manufacturer of the product as classified by Nielsen. One level below the corporation grouping in the standard Nielsen product hierarchy.,True,False,False,2130,MEGAFOOD APS,FAXE,TARGET CATEGORY SOLUTIONS LIMITED,11.7 chars,13 chars,COCA COLA A/S,508x,119,0,0.0,,
CSD,dim_product,brand,text,object,string,N/A,,Brand name as classified by Nielsen. The brand level sits below manufacturer and above sub-brand / variant in the product hierarchy.,True,False,False,2130,LEMONITA,THY,REINE DES LIMONADES,8.3 chars,9 chars,COCA COLA,242x,150,0,0.0,,
CSD,dim_product,ru_subbrand,text,object,string,N/A,,Royal Unibrew internal sub-brand grouping. RU-defined classification used for internal reporting; one level below brand.,True,False,False,2130,LEMONITA LEMON,7-UP,THE LONDON ESSENCE BITTER ORANGE & ELDERFLOWER TONIC,17.5 chars,16 chars,COCA COLA ZERO,115x,681,0,0.0,,
CSD,dim_product,ru_variant,text,object,string,N/A,,Royal Unibrew internal variant grouping. Below sub-brand in the RU-defined product hierarchy. Distinguishes flavour/format/recipe variants within a sub-brand.,True,False,False,2130,LEMONITA LEMON REG,THY,THE LONDON ESSENCE BITTER ORANGE & ELDERFLOWER TONIC REG,22.2 chars,22 chars,COCA COLA ZERO ORIGINAL,94x,745,0,0.0,,
CSD,dim_product,packaging,text,object,string,N/A,,"Packaging description for the product (e.g. 'CAN', 'PET', 'GLASS'). Captures the primary container type.",True,False,False,2130,DÅSE,DÅSE,ANDET EMBALLAGE,4.3 chars,4 chars,GLAS,731x,4,0,0.0,,
CSD,dim_product,size_variants,text,object,string,N/A,,"Product size variant description (e.g. '33CL', '50CL', '6X33CL'). Only populated at lower hierarchy levels (variant / packaging / UPC); NULL at aggregate levels like brand or manufacturer.",True,False,False,2130,33 CL,1 L,ANDRE FLASKESTØRRELSER,7.4 chars,5 chars,33 CL,689x,16,0,0.0,,
CSD,dim_product,units,text,object,string,N/A,,"Number of consumer units per multipack (e.g. '1', '6', '24'). Stored as text.",True,False,False,2130,1 STK,1 STK,24 STK,5.1 chars,5 chars,1 STK,"1,627x",13,0,0.0,,
CSD,dim_product,item_description,text,object,string,N/A,,"Item description — the canonical Nielsen item label, typically combining brand + variant + size + packaging.",True,False,False,2130,LEMONITA LEMON SODAVAND 33 CL,SPRITE 2 L,FRANKLIN & SONS PINK GRAPEFRUIT & BERGAMOT TONIC WATER 20 CL,29.7 chars,29 chars,COCA COLA ZERO DÅSE 24 STK 24*33 CL,13x,"1,520",0,0.0,,
CSD,dim_product,upc_code,text,object,string,N/A,,Universal Product Code / barcode of the SKU. Lowest level of the product hierarchy (one row per UPC).,True,False,False,2130,5706920102095,200082757711,5700002021281BP2,12.9 chars,13 chars,0000057045511,2x,"2,104",0,0.0,,
CSD,dim_product,type,text,object,string,N/A,,Product type classification within the category. Category-specific values; see the row's category context.,True,False,False,2130,LEMON/LIME,COLA,CITRUS/GRAPE,7.8 chars,8 chars,COLA,523x,8,0,0.0,,
CSD,dim_product,regular_light,text,object,string,N/A,,Sugar content classification: regular (full sugar) vs. light/diet/zero. CSD-specific.,True,False,False,2130,REGULAR,LIGHT,REGULAR,6.4 chars,7 chars,REGULAR,"1,527x",2,0,0.0,,
CSD,dim_product,price_category,text,object,string,N/A,,"Nielsen price tier classification (e.g. 'PREMIUM', 'STANDARD', 'ECONOMY'). Groups products by relative price positioning within the category.",True,False,False,2130,MÆRKEVARE,MÆRKEVARE,BILLIGVAND,9.2 chars,9 chars,MÆRKEVARE,"1,782x",2,0,0.0,,
CSD,dim_product,ru_cola_flavour,text,object,string,N/A,,"Royal Unibrew internal classification of cola flavor variants (e.g. 'REGULAR COLA', 'CHERRY COLA', 'VANILLA COLA'). RU-specific grouping for CSD analysis.",True,False,False,2130,NA,NA,NON FLAVOUR,4.0 chars,2 chars,NA,"1,603x",3,0,0.0,,
CSD,dim_product,organic,text,object,string,N/A,,Flag indicating whether the product is certified organic. Values are typically 'YES'/'NO' or category-specific labels.,True,False,False,2130,IKKE ØKOLOGISK,ØKOLOGISK,IKKE ØKOLOGISK,13.4 chars,14 chars,IKKE ØKOLOGISK,"1,888x",2,0,0.0,,
CSD,dim_product,private_label,text,object,string,N/A,,"Flag indicating whether the product is a retailer private label (e.g. Coop's 365, REMA 1000 own brand) versus a branded manufacturer product.",True,False,False,2130,NON PRIVATE LABEL,PRIVATE LABEL,NON PRIVATE LABEL,16.9 chars,17 chars,NON PRIVATE LABEL,"2,069x",2,0,0.0,,
CSD,dim_product,controlled_label,text,float64,string,N/A,,Flag indicating whether the product is a controlled label — a brand owned by a retailer but marketed under a distinct name (between private label and full national brand).,True,True,False,2130,,,,,,,,0,"2,130",100.0,,
CSD,dim_product,product_hierarchy_number,numeric,int64,string,N/A,NULL = hierarchy metadata not populated,Dedup key within a hierarchy level. At level 1 (category) there are typically multiple rows representing different total cuts of the category — ALWAYS filter to product_hierarchy_number = '1' for the canonical category total. At other levels typically '1'. Never NULL.,True,False,True,2130,1,1,1,1,1,1,0,1,0,0.0,0,0
CSD,dim_product,product_hierarchy_level,numeric,int64,string,N/A,NULL = hierarchy metadata not populated,"Depth level of the product in the hierarchy. Level 1 = category total, Level 2 = manufacturer/corporation, Level 3 = brand, ... Level 10 = individual UPC/SKU. CRITICAL for avoiding double-counting: never sum metrics across hierarchy levels. Never NULL.",True,False,True,2130,10,10,10,10,10,10,0,1,0,0.0,0,0
CSD,dim_product,product_hierarchy_level_name,text,object,string,N/A,NULL = hierarchy metadata not populated,"Human-readable name of the hierarchy level. Values vary by category: CSD uses 'CSD', 'MANUFACTURER', 'BRAND', 'RU SUBBRAND', 'RU VARIANT', 'UPC'. Beer uses similar labels. Use this column to filter to the desired aggregation level (e.g. WHERE product_hierarchy_level_name = 'BRAND'). Never NULL.",True,False,False,2130,UPC,UPC,UPC,3.0 chars,3 chars,UPC,"2,130x",1,0,0.0,,
CSD,dim_product,packaging_excluding_controlled_label,text,object,string,N/A,,Packaging classification computed with controlled-label products excluded. Useful for clean packaging-mix analysis on national brands only.,True,False,False,2130,1STK DÅSER,GLAS,MULTIPAK DÅSER (7+),9.4 chars,8 chars,GLAS,731x,7,0,0.0,,
CSD,dim_product,corporation_ru_1,text,object,string,N/A,,"Top-level corporate grouping. Groups brands under their parent corporation as defined by RU/Nielsen (e.g. groups 'PEPSI', 'FAXE KONDI' under 'PEPSI COLA INT.'). Same concept as corporation_ru (beer) and corporation_1 (energidrikke/RTD) — naming inconsistency to be standardized. NULL at aggregate levels.",True,False,False,2130,NA,NA,PRIVATE LABEL EKSKL. CL,13.4 chars,13 chars,ANDRE LEVERANDØRER,830x,8,0,0.0,,
CSD,dim_period,period_id,numeric,int64,string,N/A,not nullable,Foreign key to the Period dimension. Joins facts to period metadata. Never NULL.,True,False,True,46,43679,38797,46904,4.132e+04,4.069e+04,38797,2267,46,0,0.0,0,0
CSD,dim_period,period_short_description,text,object,string,N/A,,Nielsen's original short label for the period as delivered (e.g. 'Jan 26'). Raw value preserved from Nielsen delivery.,True,False,False,46,Jan 26 - 4 w/e 25/01/26,Jan 26 - 4 w/e 25/01/26,Jan 26 - 4 w/e 25/01/26,23.0 chars,23 chars,Apr 23 - 4 w/e 30/04/23,1x,46,0,0.0,,
CSD,dim_period,period_long_description,text,object,string,N/A,,Nielsen's original long label for the period as delivered. Human readable.,True,False,False,46,Jan 26 - 4 w/e 25/01/26,Jan 26 - 4 w/e 25/01/26,Jan 26 - 4 w/e 25/01/26,23.0 chars,23 chars,Apr 23 - 4 w/e 30/04/23,1x,46,0,0.0,,
CSD,dim_period,period_end_date,text,object,date,N/A,not nullable,The last calendar day of the measurement period. Nielsen Denmark uses monthly periods built on a 4-4-5 week pattern. Use this column for time-series ordering and chart axes.,True,False,False,46,2026-01-25,2026-01-25,2026-01-25,10.0 chars,10 chars,2022-10-30,1x,46,0,0.0,,
CSD,dim_period,nielsen_calendar,text,object,string,N/A,,Nielsen calendar identifier (e.g. monthly calendar). Indicates which Nielsen periodicity calendar this period belongs to.,True,False,False,46,12F_445,12F_445,12F_445,7.0 chars,7 chars,12F_445,46x,1,0,0.0,,
CSD,dim_period,nielsen_periodicity,text,object,string,N/A,,Periodicity label / display folder used by Nielsen to group periods (e.g. monthly). Used for organizing periods in delivery folders.,True,False,False,46,Months,Months,Months,6.0 chars,6 chars,Months,46x,1,0,0.0,,
CSD,dim_period,period_year,numeric,int64,int,years,not nullable,"Calendar year (integer, e.g. 2026) when the CSD facts row was generated. Derived from period_end_date.",True,False,False,46,2026,2022,2026,2024,2024,2023,1.18,5,0,0.0,0,0
CSD,dim_period,period_month,numeric,int64,int,months,not nullable,Calendar month number 1-12 when the CSD facts row was generated.,True,False,False,46,1,1,12,6.413,6,1,3.538,12,0,0.0,0,0
CSD,dim_period,date_key,text,object,string,N/A,not nullable,Combination of month and year as a single label (e.g. 'January 2026') for the CSD facts row.,True,False,False,46,January 2026,May 2026,September 2025,11.1 chars,12 chars,April 2023,1x,46,0,0.0,,
CSD,dim_market,market_id,numeric,int64,string,N/A,not nullable,Foreign key to the Market dimension. Joins facts to market metadata. Never NULL.,True,False,True,86,2195816,1255956,2195818,1.422e+06,1262121,1255956,2.468e+05,86,0,0.0,0,0
CSD,dim_market,market_description,text,object,string,N/A,,"Human-readable name of the Nielsen market (retail chain, channel, or aggregate universe), e.g. 'DVH INCL. HD', 'COOP DK', 'Lidl'. Used for display and filtering.",True,False,False,86,FØTEX FOOD,Q8,DVH EXCL. HD - REGION 2: ZEALAND EXCL. CAPITAL AREA,23.0 chars,20 chars,7-ELEVEN,1x,86,0,0.0,,
CSD,dim_market,market_hierarchy_level,text,float64,string,N/A,NULL = hierarchy metadata not populated,Depth level of this market in Nielsen's Denmark retail hierarchy tree. Level 1 = top aggregate (e.g. DVH INCL. HD); higher numbers = more granular (individual chains/banners). Used to define parent-child relationships between markets. NOTE: currently observed to be NULL across the data — this is a known issue under investigation.,True,True,False,86,,,,,,,,0,86,100.0,,
CSD,dim_market,market_hierarchy_number,text,float64,string,N/A,NULL = hierarchy metadata not populated,Numeric identifier for the market's position within its hierarchy level. Combined with market_hierarchy_level to define the market tree. NOTE: currently observed NULL — known issue under investigation.,True,True,False,86,,,,,,,,0,86,100.0,,
CSD,dim_market,market_hierarchy_name,text,float64,string,N/A,NULL = hierarchy metadata not populated,"Human-readable name of the hierarchy level (e.g. 'Total Grocery', 'Retail Chain', 'Channel'). NOTE: currently observed NULL — known issue under investigation.",True,True,False,86,,,,,,,,0,86,100.0,,
CSD,dim_market,market_hierarchy_column,text,float64,string,N/A,NULL = hierarchy metadata not populated,"Internal Nielsen reference indicating which hierarchy column this market belongs to. Technical metadata, not for end-user display. NOTE: currently observed NULL — known issue under investigation.",True,True,False,86,,,,,,,,0,86,100.0,,
Danskvand,facts,market_id,numeric,int64,string,N/A,not nullable,Foreign key to the Market dimension. Joins facts to market metadata. Never NULL.,True,False,True,1382673,1256452,1255956,2195818,1.408e+06,1262120,1262102,2.139e+05,86,0,0.0,0,0
Danskvand,facts,period_id,numeric,int64,string,N/A,not nullable,Foreign key to the Period dimension. Joins facts to period metadata. Never NULL.,True,False,True,1382673,46612,39522,46904,4.16e+04,40697,40205,2187,41,0,0.0,0,0
Danskvand,facts,product_id,numeric,int64,string,N/A,not nullable,Foreign key to the Product dimension. Joins facts to product metadata. Never NULL.,True,False,True,1382673,83383,1,84871,1.576e+04,1422,1187,2.892e+04,"2,308",0,0.0,0,0
Danskvand,facts,sales_value,numeric,float64,double,DKK,,Total sales out of store expressed in Danish Krone (DKK). Consumer retail price including VAT (point-of-sale scanner data). This is the TOTAL — promo + non-promo combined. NULL = no data for this market/product/period combination.,True,False,False,1382673,25.9,-1.307e+04,1.209e+08,8.574e+05,9322,0,4.286e+06,"485,904",0,0.0,"42,306",818
Danskvand,facts,sales_in_liters,numeric,float64,double,liters,,Total sales out of store expressed in litres. Includes both promo and non-promo volume. NULL = no data for this combination.,True,False,False,1382673,2.5,-282.1,1.913e+07,1.441e+05,625,0,7.96e+05,"320,474",0,0.0,"42,357",776
Danskvand,facts,sales_units,numeric,float64,double,units,,Total sales out of store expressed in consumer purchase units (individual packs / bottles / cans as scanned at checkout). Includes both promo and non-promo. NULL = no data.,True,False,False,1382673,2.0,-855,1.862e+07,1.401e+05,687.3,0,7.882e+05,"274,086",0,0.0,"42,360",776
Danskvand,facts,numeric_distribution,numeric,float64,double,fraction (0-1),,"Average WEEKLY percentage of stores where the product was sold for the chosen period, stored as a fraction 0-1 (multiply by 100 for %). Measures physical availability regardless of store size. Example: 0.45 means the product was sold in 45% of stores on average per week. NULL = not measured (e.g. aggregate product hierarchy levels, or cash-slip markets like Lidl).",True,False,False,1382673,0.0043,5.2e-05,1,0.2808,0.07609,1,0.3639,"241,956","133,659",9.7,0,0
Danskvand,facts,numeric_distribution_reach,numeric,float64,double,fraction (0-1),,"Percentage of stores that sold the selected product at ANY point during the entire selected period (not weekly average), stored as a fraction 0-1. Higher than numeric_distribution because a store only needs to sell once in the period to count. NULL = not measured.",True,False,False,1382673,0.0086,0,1,0.3061,0.1064,1,0.3709,"211,482","95,676",6.9,"37,983",0
Danskvand,facts,weighted_distribution,numeric,float64,double,fraction (0-1),,"Average WEEKLY percentage of total CATEGORY TURNOVER (value sales) accounted for by stores that sold the selected product, ACV-weighted (All Commodity Volume). Stored as a fraction 0-1. Example: 0.85 = stores carrying this product represent 85% of category sales. More meaningful than numeric distribution because it weights by store importance. NOT additive across products. ~16.7% of CSD fact rows are NULL (aggregate levels, cash-slip markets like Lidl, or new products mid-period).",True,False,False,1382673,0.003,0,1.003,0.3108,0.1131,1,0.37,"313,720","133,659",9.7,2,0
Danskvand,facts,weighted_distribution_reach,numeric,float64,double,fraction (0-1),,"Percentage of total category turnover accounted for by stores that sold the selected product at ANY point during the entire period, stored as a fraction 0-1. Reach version: any single sale in the period qualifies the store. Always >= weighted_distribution. NULL = not measured.",True,False,False,1382673,0.0055,0,1,0.3443,0.1614,1,0.3757,"318,779","133,796",9.7,2,0
Danskvand,facts,total_weighted_distribution_points_tdp_reach,numeric,float64,double,decimal (0+),,Total Distribution Points (TDP). Sum of weighted distribution across all items within a brand/product group that were sold at any point during the period (reach). Measures BREADTH of assortment weighted by store importance. Example: a brand with 5 SKUs each at 0.80 weighted-distribution-reach has TDP ~4.0. NOT a percentage and NOT bounded by 1 — do NOT multiply by 100. NULL = not measured.,True,False,False,1382673,0.0055,0,83.7,2.87,0.1736,1,8.319,"426,671","133,740",9.7,2,0
Danskvand,facts,number_of_items_reach,numeric,float64,double,items,,"Number of distinct UPC items (SKUs) within the selected product group that were sold at any point during the period (reach). Measures assortment BREADTH. Only meaningful at aggregate product levels (brand, manufacturer); NULL at the UPC level.",True,False,False,1382673,1.0,0.4636,9.657e+04,1032,36,1,4801,"147,360","126,075",9.1,0,0
Danskvand,facts,avg_number_of_stores_selling_reach,numeric,float64,double,stores,,Average number of stores in the universe that sold the product at any point during the period. Reach-based: a store counts if it sold at least once. Compare against universe_number_of_stores to derive % distribution.,True,False,False,1382673,1.0,0,3831,131,26.72,1,303.6,"108,043","87,786",6.3,"38,289",0
Danskvand,facts,universe_number_of_stores,numeric,float64,double,stores,,"Total number of physical stores in the selected market universe. Market-level attribute, NOT product-specific — same value for all products within a given market. NULL = not available for this market.",True,False,False,1382673,116.0,1,4002,713.2,361,18,923.8,"1,752",0,0.0,0,0
Danskvand,facts,avg_no_of_items_per_store_reach,numeric,float64,double,items,,"Average number of items (SKUs) a brand/manufacturer/segment has per store, computed across stores that carry at least one item. Measures DEPTH of assortment per store.",True,False,False,1382673,1.0,0.7595,82.89,3.283,1,1,7.096,"88,188","126,075",9.1,0,0
Danskvand,dim_product,product_id,numeric,int64,string,N/A,not nullable,Foreign key to the Product dimension. Joins facts to product metadata. Never NULL.,True,False,True,1071,995,2,84871,4.199e+04,28108,2,3.873e+04,"1,071",0,0.0,0,0
Danskvand,dim_product,sparkling_and_mineral_water,text,object,string,N/A,,"Top-level classification for the water dataset, distinguishing sparkling water from mineral water. Equivalent to a 'category' label in this dataset.",True,False,False,1071,DANSKVAND OG KILDEVAND,DANSKVAND OG KILDEVAND,DANSKVAND OG KILDEVAND,22.0 chars,22 chars,DANSKVAND OG KILDEVAND,"1,071x",1,0,0.0,,
Danskvand,dim_product,corporation_ru_1,text,object,string,N/A,,"Top-level corporate grouping. Groups brands under their parent corporation as defined by RU/Nielsen (e.g. groups 'PEPSI', 'FAXE KONDI' under 'PEPSI COLA INT.'). Same concept as corporation_ru (beer) and corporation_1 (energidrikke/RTD) — naming inconsistency to be standardized. NULL at aggregate levels.",True,False,False,1071,ANDRE LEVERANDØRER,HARBOE,PRIVATE LABEL EKSKL. CL,14.5 chars,18 chars,ANDRE LEVERANDØRER,328x,8,0,0.0,,
Danskvand,dim_product,manufacturer,text,object,string,N/A,,Manufacturer of the product as classified by Nielsen. One level below the corporation grouping in the standard Nielsen product hierarchy.,True,False,False,1071,THOMSEN WATER COMPAGNY,LIDL,AGUARELA DO MUNDO AGUAS DE NASCENTE,15.5 chars,13 chars,AQUA D'OR MINERAL WATER A/S,230x,46,0,0.0,,
Danskvand,dim_product,brand,text,object,string,N/A,,Brand name as classified by Nielsen. The brand level sits below manufacturer and above sub-brand / variant in the product hierarchy.,True,False,False,1071,ACTIVE 02,THY,CARLSBERG KURVAND,8.7 chars,9 chars,AQUA D'OR,220x,57,0,0.0,,
Danskvand,dim_product,sub_product_class,text,object,string,N/A,,Sub-classification within the broader product class. Category-specific intermediate level between class and brand/segment.,True,False,False,1071,KILDEVAND,KILDEVAND,BOTTLE WATER,10.7 chars,12 chars,BOTTLE WATER,500x,4,0,0.0,,
Danskvand,dim_product,item,text,object,string,N/A,,"Item description — the canonical Nielsen item label, typically combining brand + variant + size + packaging.",True,False,False,1071,ACTIVE O2 PEACH SP. CAP 50 CL,PERRIER 1 L,SAN PELLEGRINO ESSENZA BLOOD ORANGE & BLACK RASPBERRY 50 CL,32.5 chars,33 chars,HANCOCK APOLLINARIS 25 CL,12x,453,0,0.0,,
Danskvand,dim_product,upc,text,object,string,N/A,,Universal Product Code / barcode of the SKU. Lowest level of the product hierarchy (one row per UPC).,True,False,False,1071,4005906005193,200192540413,5712874247270BP3,12.8 chars,13 chars,0000057109503,3x,576,0,0.0,,
Danskvand,dim_product,product_type,text,object,string,N/A,,Product type classification within the category. Category-specific values.,True,False,False,1071,KILDEVAND M/SMAG,KILDEVAND M/SMAG,MINERAL WATER WITHOUT TASTE,19.1 chars,16 chars,DANSKVAND M/SMAG,368x,8,0,0.0,,
Danskvand,dim_product,price_category,text,object,string,N/A,,"Nielsen price tier classification (e.g. 'PREMIUM', 'STANDARD', 'ECONOMY'). Groups products by relative price positioning within the category.",True,False,False,1071,MÆRKEVARE,MÆRKEVARE,CHEEP LEMONADE,10.0 chars,10 chars,MAERKEVARE,528x,4,0,0.0,,
Danskvand,dim_product,flavor,text,object,string,N/A,,"Flavor variant of the product (e.g. 'CITRUS', 'BERRY', 'COLA'). Category-specific values.",True,False,False,1071,ØVRIG SMAG,CITRUS,WITHOUT FLAVOUR,10.2 chars,9 chars,UDEN SMAG,310x,5,0,0.0,,
Danskvand,dim_product,flavor_natural_indicator,text,object,string,N/A,,Combined flavor + natural-flavor indicator. Identifies whether the flavoring is natural and what the flavor profile is.,True,False,False,1071,FLAVOR,FLAVOR,NATURAL,6.4 chars,6 chars,FLAVOR,593x,2,0,0.0,,
Danskvand,dim_product,private_label_water,text,object,string,N/A,,Flag indicating whether the sparkling/mineral water product is a retailer private label rather than a branded manufacturer product.,True,False,False,1071,OTHER,OTHER,PRIVATE LABEL KILDEVAND,6.7 chars,5 chars,OTHER,969x,3,0,0.0,,
Danskvand,dim_product,packaging,text,object,string,N/A,,"Packaging description for the product (e.g. 'CAN', 'PET', 'GLASS'). Captures the primary container type.",True,False,False,1071,PLAST,PAP,CARDBOARD,5.3 chars,5 chars,PLAST,512x,8,0,0.0,,
Danskvand,dim_product,rub_sweet_water,text,object,string,N/A,,Royal Unibrew internal grouping for sweetened/flavored water products (RUB = Royal Unibrew internal). Used to distinguish flavored from plain still/sparkling water.,True,False,False,1071,REGULAR WATER,SWEET WATER,REGULAR WATER,12.5 chars,13 chars,REGULAR WATER,780x,2,0,0.0,,
Danskvand,dim_product,units,text,object,string,N/A,,"Number of consumer units per multipack (e.g. '1', '6', '24'). Stored as text.",True,False,False,1071,X1,X1,X12,2.1 chars,2 chars,X1,798x,12,0,0.0,,
Danskvand,dim_product,size_variants,text,object,string,N/A,,"Product size variant description (e.g. '33CL', '50CL', '6X33CL'). Only populated at lower hierarchy levels (variant / packaging / UPC); NULL at aggregate levels like brand or manufacturer.",True,False,False,1071,50 CL,2 L,ANDRE FLASKESTØRRELSER,5.6 chars,5 chars,50 CL,373x,12,0,0.0,,
Danskvand,dim_product,organic_indicator,text,object,string,N/A,,Flag indicating whether the product is certified organic. Values are typically 'YES'/'NO' or category-specific labels.,True,False,False,1071,IKKE ØKOLOGISK,ECOLOGY,IKKE ØKOLOGISK,12.9 chars,14 chars,IKKE ØKOLOGISK,691x,4,0,0.0,,
Danskvand,dim_product,private_label,text,object,string,N/A,,"Flag indicating whether the product is a retailer private label (e.g. Coop's 365, REMA 1000 own brand) versus a branded manufacturer product.",True,False,False,1071,NON PRIVATE LABEL,PRIVATE LABEL,NON PRIVATE LABEL,16.6 chars,17 chars,NON PRIVATE LABEL,969x,2,0,0.0,,
Danskvand,dim_product,controlled_label,text,float64,string,N/A,,Flag indicating whether the product is a controlled label — a brand owned by a retailer but marketed under a distinct name (between private label and full national brand).,True,True,False,1071,,,,,,,,0,"1,071",100.0,,
Danskvand,dim_product,product_hierarchy_number,numeric,int64,string,N/A,NULL = hierarchy metadata not populated,Dedup key within a hierarchy level. At level 1 (category) there are typically multiple rows representing different total cuts of the category — ALWAYS filter to product_hierarchy_number = '1' for the canonical category total. At other levels typically '1'. Never NULL.,True,False,True,1071,1,1,1,1,1,1,0,1,0,0.0,0,0
Danskvand,dim_product,product_hierarchy_level,numeric,int64,string,N/A,NULL = hierarchy metadata not populated,"Depth level of the product in the hierarchy. Level 1 = category total, Level 2 = manufacturer/corporation, Level 3 = brand, ... Level 10 = individual UPC/SKU. CRITICAL for avoiding double-counting: never sum metrics across hierarchy levels. Never NULL.",True,False,True,1071,7,7,7,7,7,7,0,1,0,0.0,0,0
Danskvand,dim_product,product_hierarchy_level_name,text,object,string,N/A,NULL = hierarchy metadata not populated,"Human-readable name of the hierarchy level. Values vary by category: CSD uses 'CSD', 'MANUFACTURER', 'BRAND', 'RU SUBBRAND', 'RU VARIANT', 'UPC'. Beer uses similar labels. Use this column to filter to the desired aggregation level (e.g. WHERE product_hierarchy_level_name = 'BRAND'). Never NULL.",True,False,False,1071,UPC,UPC,UPC,3.0 chars,3 chars,UPC,"1,071x",1,0,0.0,,
Danskvand,dim_product,rub_total_brands,text,object,string,N/A,,Royal Unibrew internal grouping aggregating brand totals (water dataset). Used to roll up RU-relevant brands for internal reporting.,True,False,False,1071,OTHERS,LIDL,EGEKILDE CARBONATED EXCL. FRUITS,9.2 chars,6 chars,OTHERS,854x,10,0,0.0,,
Danskvand,dim_period,period_id,numeric,int64,string,N/A,not nullable,Foreign key to the Period dimension. Joins facts to period metadata. Never NULL.,True,False,True,41,46903,39522,46904,4.162e+04,40697,39522,2226,41,0,0.0,0,0
Danskvand,dim_period,period_short_description,text,object,string,N/A,,Nielsen's original short label for the period as delivered (e.g. 'Jan 26'). Raw value preserved from Nielsen delivery.,True,False,False,41,Mar 26 - 5 w/e 29/03/26,Mar 26 - 5 w/e 29/03/26,Mar 26 - 5 w/e 29/03/26,23.0 chars,23 chars,Apr 23 - 4 w/e 30/04/23,1x,41,0,0.0,,
Danskvand,dim_period,period_long_description,text,object,string,N/A,,Nielsen's original long label for the period as delivered. Human readable.,True,False,False,41,Mar 26 - 5 w/e 29/03/26,Mar 26 - 5 w/e 29/03/26,Mar 26 - 5 w/e 29/03/26,23.0 chars,23 chars,Apr 23 - 4 w/e 30/04/23,1x,41,0,0.0,,
Danskvand,dim_period,period_end_date,text,object,date,N/A,not nullable,The last calendar day of the measurement period. Nielsen Denmark uses monthly periods built on a 4-4-5 week pattern. Use this column for time-series ordering and chart axes.,True,False,False,41,2026-03-29,2026-03-29,2026-03-29,10.0 chars,10 chars,2023-04-02,1x,41,0,0.0,,
Danskvand,dim_period,nielsen_calendar,text,object,string,N/A,,Nielsen calendar identifier (e.g. monthly calendar). Indicates which Nielsen periodicity calendar this period belongs to.,True,False,False,41,12F_445,12F_445,12F_445,7.0 chars,7 chars,12F_445,41x,1,0,0.0,,
Danskvand,dim_period,nielsen_periodicity,text,object,string,N/A,,Periodicity label / display folder used by Nielsen to group periods (e.g. monthly). Used for organizing periods in delivery folders.,True,False,False,41,Months,Months,Months,6.0 chars,6 chars,Months,41x,1,0,0.0,,
Danskvand,dim_period,period_year,numeric,int64,int,years,not nullable,"Calendar year (integer, e.g. 2026) when the DANSKVAND facts row was generated. Derived from period_end_date.",True,False,False,41,2026,2023,2026,2024,2024,2024,1.046,4,0,0.0,0,0
Danskvand,dim_period,period_month,numeric,int64,int,months,not nullable,Calendar month number 1-12 when the DANSKVAND facts row was generated.,True,False,False,41,3,1,12,6.317,6,3,3.35,12,0,0.0,0,0
Danskvand,dim_period,date_key,text,object,string,N/A,not nullable,Combination of month and year as a single label (e.g. 'January 2026') for the DANSKVAND facts row.,True,False,False,41,March 2026,May 2026,September 2023,10.9 chars,11 chars,April 2023,1x,41,0,0.0,,
Danskvand,dim_market,market_id,numeric,int64,string,N/A,not nullable,Foreign key to the Market dimension. Joins facts to market metadata. Never NULL.,True,False,True,86,2195816,1255956,2195818,1.422e+06,1262121,1255956,2.468e+05,86,0,0.0,0,0
Danskvand,dim_market,market_description,text,object,string,N/A,,"Human-readable name of the Nielsen market (retail chain, channel, or aggregate universe), e.g. 'DVH INCL. HD', 'COOP DK', 'Lidl'. Used for display and filtering.",True,False,False,86,FØTEX FOOD,Q8,DVH EXCL. HD - REGION 2: ZEALAND EXCL. CAPITAL AREA,23.0 chars,20 chars,7-ELEVEN,1x,86,0,0.0,,
Danskvand,dim_market,market_hierarchy_level,text,float64,string,N/A,NULL = hierarchy metadata not populated,Depth level of this market in Nielsen's Denmark retail hierarchy tree. Level 1 = top aggregate (e.g. DVH INCL. HD); higher numbers = more granular (individual chains/banners). Used to define parent-child relationships between markets. NOTE: currently observed to be NULL across the data — this is a known issue under investigation.,True,True,False,86,,,,,,,,0,86,100.0,,
Danskvand,dim_market,market_hierarchy_number,text,float64,string,N/A,NULL = hierarchy metadata not populated,Numeric identifier for the market's position within its hierarchy level. Combined with market_hierarchy_level to define the market tree. NOTE: currently observed NULL — known issue under investigation.,True,True,False,86,,,,,,,,0,86,100.0,,
Danskvand,dim_market,market_hierarchy_name,text,float64,string,N/A,NULL = hierarchy metadata not populated,"Human-readable name of the hierarchy level (e.g. 'Total Grocery', 'Retail Chain', 'Channel'). NOTE: currently observed NULL — known issue under investigation.",True,True,False,86,,,,,,,,0,86,100.0,,
Danskvand,dim_market,market_hierarchy_column,text,float64,string,N/A,NULL = hierarchy metadata not populated,"Internal Nielsen reference indicating which hierarchy column this market belongs to. Technical metadata, not for end-user display. NOTE: currently observed NULL — known issue under investigation.",True,True,False,86,,,,,,,,0,86,100.0,,
Energidrikke,facts,market_id,numeric,int64,string,N/A,not nullable,Foreign key to the Market dimension. Joins facts to market metadata. Never NULL.,True,False,True,3476121,1262120,1255956,2195818,1.414e+06,1262129,1262102,2.227e+05,86,0,0.0,0,0
Energidrikke,facts,period_id,numeric,int64,string,N/A,not nullable,Foreign key to the Period dimension. Joins facts to period metadata. Never NULL.,True,False,True,3476121,40700,38955,46904,4.162e+04,40697,46613,2302,43,0,0.0,0,0
Energidrikke,facts,product_id,numeric,int64,string,N/A,not nullable,Foreign key to the Product dimension. Joins facts to product metadata. Never NULL.,True,False,True,3476121,194631,1,195730,2.031e+04,1831,575,4.987e+04,"4,729",0,0.0,0,0
Energidrikke,facts,sales_value,numeric,float64,double,DKK,,Total sales out of store expressed in Danish Krone (DKK). Consumer retail price including VAT (point-of-sale scanner data). This is the TOTAL — promo + non-promo combined. NULL = no data for this market/product/period combination.,True,False,False,3476121,2676.29,-1990,2.912e+08,1.274e+06,1.824e+04,0,8.495e+06,"865,212",0,0.0,"134,404",712
Energidrikke,facts,sales_in_liters,numeric,float64,double,liters,,Total sales out of store expressed in litres. Includes both promo and non-promo volume. NULL = no data for this combination.,True,False,False,3476121,101.5,-60,9.463e+06,4.001e+04,632.5,0,2.736e+05,"594,506",0,0.0,"134,277",691
Energidrikke,facts,sales_units,numeric,float64,double,units,,Total sales out of store expressed in consumer purchase units (individual packs / bottles / cans as scanned at checkout). Includes both promo and non-promo. NULL = no data.,True,False,False,3476121,203.0,-240,1.978e+07,8.724e+04,1258,0,6.008e+05,"495,708",0,0.0,"134,279",689
Energidrikke,facts,sales_value_any_promo,numeric,float64,double,DKK,,"Value of sales (DKK) made on any type of promotion (TPR, display, feature, or any combination). Subset of sales_value: total = promo + non-promo. NOT applicable in Total Market incl Hard Discount (Lidl is cash-slip only). A small number of fact rows show promo slightly exceeding total due to rounding (<1,000 DKK); cap with MIN(promo, total) when displaying. NULL = promo not tracked for this combination.",True,False,False,3476121,333.18,-4952,1.132e+08,8.3e+05,1.168e+04,0,4.813e+06,"176,326","2,640,831",76.0,"200,514",35
Energidrikke,facts,sales_in_liters_any_promo,numeric,float64,double,liters,,Volume in litres sold on any type of promotion. Subset of sales_in_liters. NULL = promo not tracked. Not applicable in Total Market incl Hard Discount.,True,False,False,3476121,14.0,-1846,4.254e+06,2.891e+04,449.5,0,1.699e+05,"170,455","2,640,831",76.0,"200,545",56
Energidrikke,facts,sales_units_any_promo,numeric,float64,double,units,,Units sold on any type of promotion. Subset of sales_units. NULL = promo not tracked. Not applicable in Total Market incl Hard Discount.,True,False,False,3476121,28.0,-3249,8.601e+06,6.363e+04,936.4,0,3.756e+05,"169,105","2,640,831",76.0,"200,545",56
Energidrikke,facts,sales_units_any_tpr,numeric,float64,double,units,,Units sold specifically on Temporary Price Reduction (TPR). TPR is a subset of 'any promo'. NULL = TPR not tracked.,True,False,False,3476121,28.0,-6511,6.456e+06,4.168e+04,453.7,0,2.497e+05,"154,734","2,640,831",76.0,"252,766",94
Energidrikke,facts,numeric_distribution,numeric,float64,double,fraction (0-1),,"Average WEEKLY percentage of stores where the product was sold for the chosen period, stored as a fraction 0-1 (multiply by 100 for %). Measures physical availability regardless of store size. Example: 0.45 means the product was sold in 45% of stores on average per week. NULL = not measured (e.g. aggregate product hierarchy levels, or cash-slip markets like Lidl).",True,False,False,3476121,0.0028,5.2e-05,1,0.3465,0.2,1,0.3559,"543,358","339,223",9.8,0,0
Energidrikke,facts,numeric_distribution_reach,numeric,float64,double,fraction (0-1),,"Percentage of stores that sold the selected product at ANY point during the entire selected period (not weekly average), stored as a fraction 0-1. Higher than numeric_distribution because a store only needs to sell once in the period to count. NULL = not measured.",True,False,False,3476121,0.0028,0,1,0.3918,0.266,1,0.3732,"421,698","216,256",6.2,"122,967",0
Energidrikke,facts,weighted_distribution,numeric,float64,double,fraction (0-1),,"Average WEEKLY percentage of total CATEGORY TURNOVER (value sales) accounted for by stores that sold the selected product, ACV-weighted (All Commodity Volume). Stored as a fraction 0-1. Example: 0.85 = stores carrying this product represent 85% of category sales. More meaningful than numeric distribution because it weights by store importance. NOT additive across products. ~16.7% of CSD fact rows are NULL (aggregate levels, cash-slip markets like Lidl, or new products mid-period).",True,False,False,3476121,0.0007,0,1.011,0.3899,0.2698,1,0.3696,"488,815","339,469",9.8,2,0
Energidrikke,facts,weighted_distribution_reach,numeric,float64,double,fraction (0-1),,"Percentage of total category turnover accounted for by stores that sold the selected product at ANY point during the entire period, stored as a fraction 0-1. Reach version: any single sale in the period qualifies the store. Always >= weighted_distribution. NULL = not measured.",True,False,False,3476121,0.0007,0,1.007,0.4487,0.3724,1,0.3821,"495,614","339,571",9.8,2,0
Energidrikke,facts,total_weighted_distribution_points_tdp_reach,numeric,float64,double,decimal (0+),,Total Distribution Points (TDP). Sum of weighted distribution across all items within a brand/product group that were sold at any point during the period (reach). Measures BREADTH of assortment weighted by store importance. Example: a brand with 5 SKUs each at 0.80 weighted-distribution-reach has TDP ~4.0. NOT a percentage and NOT bounded by 1 — do NOT multiply by 100. NULL = not measured.,True,False,False,3476121,0.0007,0,148.8,3.502,0.4023,1,12.94,"729,893","339,496",9.8,2,0
Energidrikke,facts,number_of_items_reach,numeric,float64,double,items,,"Number of distinct UPC items (SKUs) within the selected product group that were sold at any point during the period (reach). Measures assortment BREADTH. Only meaningful at aggregate product levels (brand, manufacturer); NULL at the UPC level.",True,False,False,3476121,2.0,0.4636,2.47e+05,1280,67,1,7868,"295,797","315,259",9.1,0,0
Energidrikke,facts,avg_number_of_stores_selling_reach,numeric,float64,double,stores,,Average number of stores in the universe that sold the product at any point during the period. Reach-based: a store counts if it sold at least once. Compare against universe_number_of_stores to derive % distribution.,True,False,False,3476121,2.0,0,3828,164.8,54,1,328.3,"199,301","190,150",5.5,"125,109",0
Energidrikke,facts,universe_number_of_stores,numeric,float64,double,stores,,"Total number of physical stores in the selected market universe. Market-level attribute, NOT product-specific — same value for all products within a given market. NULL = not available for this market.",True,False,False,3476121,715.0,1,4002,638.7,339.2,18,857.5,"1,816","1,016",0.0,0,0
Energidrikke,facts,avg_no_of_items_per_store_reach,numeric,float64,double,items,,"Average number of items (SKUs) a brand/manufacturer/segment has per store, computed across stores that carry at least one item. Measures DEPTH of assortment per store.",True,False,False,3476121,1.0,0.5277,148,3.772,1,1,11.44,"134,040","315,259",9.1,0,0
Energidrikke,facts,weighted_distribution_any_promo,numeric,float64,double,fraction (0-1),,Percentage of category turnover (fraction 0-1) accounted for by stores that sold the product ON PROMOTION in the period. Subset of weighted_distribution. NULL = promo not tracked. Not applicable in Total Market incl Hard Discount.,True,False,False,3476121,0.0001,4e-06,1.011,0.3463,0.2451,1,0.3222,"161,043","2,841,301",81.7,0,0
Energidrikke,facts,weighted_distribution_disp_feat,numeric,float64,double,fraction (0-1),,Percentage of category turnover (fraction 0-1) accounted for by stores that sold the product with BOTH display AND feature (in-store flyer/ad) simultaneously. The strongest promotional signal. NULL = not tracked.,True,False,False,3476121,0.2863,3e-06,0.9954,0.1442,0.059,0.06494,0.202,"66,309","3,223,699",92.7,0,0
Energidrikke,facts,weighted_distribution_disp_wo_feat,numeric,float64,double,fraction (0-1),,Percentage of category turnover (fraction 0-1) accounted for by stores that sold the product with display only (without accompanying feature advertising). NULL = not tracked.,True,False,False,3476121,0.0773,6e-06,1,0.1789,0.08072,1,0.2435,"137,646","2,932,149",84.4,0,0
Energidrikke,facts,weighted_distribution_feat_wo_disp,numeric,float64,double,fraction (0-1),,Percentage of category turnover (fraction 0-1) accounted for by stores that sold the product with feature/flyer only (without accompanying secondary display). NULL = not tracked.,True,False,False,3476121,0.9545,9e-06,1,0.2488,0.1536,1,0.2677,"79,659","3,182,346",91.5,0,0
Energidrikke,facts,weighted_distribution_total_feat,numeric,float64,double,fraction (0-1),,Percentage of category turnover (fraction 0-1) accounted for by stores that promoted the product with any in-store FEATURE/FLYER (with or without accompanying display). NULL = not tracked.,True,False,False,3476121,0.9545,9e-06,1.005,0.2955,0.2039,1,0.283,"75,692","3,181,000",91.5,0,0
Energidrikke,facts,weighted_distribution_any_disp,numeric,float64,double,fraction (0-1),,"Percentage of category turnover (fraction 0-1) accounted for by stores that sold the product on ANY secondary display (endcap, floor stand, dump bin, pallet, etc.) in the period. NULL = display not tracked.",True,False,False,3476121,0.0773,6e-06,1,0.2031,0.09833,1,0.2579,"141,736","2,924,530",84.1,0,0
Energidrikke,facts,weighted_distribution_any_tpr,numeric,float64,double,fraction (0-1),,Percentage of category turnover (fraction 0-1) accounted for by stores that sold the product on Temporary Price Reduction (TPR) in the period. TPR = any price cut from regular shelf price. Subset of promotional distribution. NULL = TPR not tracked.,True,False,False,3476121,0.0001,2e-06,1.011,0.292,0.1743,1,0.3078,"145,873","2,893,640",83.2,0,0
Energidrikke,facts,baseline_sales_value,numeric,float64,double,DKK,,"Modeled value sales (DKK) that would have occurred in the absence of any promotions, calculated using Nielsen's proprietary baseline model. Includes non-promoted actual sales plus estimated sales that would have happened without promo support. CAN exceed actual sales_value when promotions had a negative incremental effect. Relationship: incremental_value = sales_value - baseline_sales_value. NULL = baseline not modeled for this combination (e.g. promo not tracked in this market).",True,False,False,3476121,2571.8855,0,6.912e+08,1.422e+06,2.441e+04,0,1.128e+07,"223,905","2,640,831",76.0,"2,158",0
Energidrikke,facts,baseline_sales_in_liters,numeric,float64,double,liters,,Modeled volume in litres that would have occurred without promotions. Same baseline-model logic as baseline_sales_value. NULL = not modeled.,True,False,False,3476121,100.2905,0,5.69e+06,4.291e+04,815.4,0.5,2.559e+05,"214,997","2,640,831",76.0,"2,072",0
Energidrikke,facts,baseline_sales_units,numeric,float64,double,units,,Modeled units that would have occurred without promotions. NULL = not modeled.,True,False,False,3476121,200.581,0,1.134e+07,8.894e+04,1667,1,5.344e+05,"213,573","2,640,831",76.0,"2,072",0
Energidrikke,facts,baseline_sales_value_any_promo,numeric,float64,double,DKK,,Baseline value sales (DKK) attributed specifically to the promoted portion. Used together with sales_value_any_promo to calculate promotional efficiency (PEI = Promotional Efficiency Index). NULL = not modeled.,True,False,False,3476121,373.2867,0,7.368e+07,5.471e+05,6309,0,3.177e+06,"174,077","2,640,831",76.0,"215,111",0
Energidrikke,facts,baseline_sales_in_liters_any_promo,numeric,float64,double,liters,,Baseline volume in litres for the promoted portion. NULL = not modeled.,True,False,False,3476121,14.2669,0,2.472e+06,1.654e+04,203.9,0,9.738e+04,"173,182","2,640,831",76.0,"215,125",0
Energidrikke,facts,baseline_sales_units_any_promo,numeric,float64,double,units,,Baseline units for the promoted portion. NULL = not modeled.,True,False,False,3476121,28.5337,0,5.026e+06,3.663e+04,422.9,0,2.157e+05,"173,614","2,640,831",76.0,"215,125",0
Energidrikke,dim_product,product_id,numeric,int64,string,N/A,not nullable,Foreign key to the Product dimension. Joins facts to product metadata. Never NULL.,True,False,True,1271,2010,9,195720,8.104e+04,56409,9,8.181e+04,"1,271",0,0.0,0,0
Energidrikke,dim_product,category,text,object,string,N/A,,Top-level category label for this dataset: 'Energy Drinks + Vitamin Drinks + Sports Drinks'. All rows in this dataset roll up to this combined category at hierarchy level 1.,True,False,False,1271,ENERGIDRIKKE + VITAMINDRIKKE + SPORTSDRIK,ENERGIDRIKKE + VITAMINDRIKKE + SPORTSDRIK,ENERGIDRIKKE + VITAMINDRIKKE + SPORTSDRIK,41.0 chars,41 chars,ENERGIDRIKKE + VITAMINDRIKKE + SPORTSDRIK,"1,271x",1,0,0.0,,
Energidrikke,dim_product,segment,text,object,string,N/A,,"Product segment classification within the category. Hierarchically broader than subsegment. Examples: beer ('PILSNER', 'STOUT', 'WHEAT BEER'); energy drinks ('ENERGY DRINKS', 'VITAMIN DRINKS').",True,False,False,1271,ENERGIDRIK,ENERGIDRIK,VITAMIN DRINK,10.9 chars,10 chars,ENERGIDRIK,621x,5,0,0.0,,
Energidrikke,dim_product,corporation_1,text,object,string,N/A,,Top-level corporate grouping (energidrikke/RTD datasets). Same concept as corporation_ru_1 (CSD) and corporation_ru (beer) — naming inconsistency. NULL at aggregate levels.,True,False,False,1271,CARLSBERG,LIDL,OLGERDIN EGILL SKALLAGRIMSSON,12.0 chars,12 chars,ROYAL UNIBREW,285x,51,0,0.0,,
Energidrikke,dim_product,brand,text,object,string,N/A,,Brand name as classified by Nielsen. The brand level sits below manufacturer and above sub-brand / variant in the product hierarchy.,True,False,False,1271,MONSTER ENERGY,HI,FAXE KONDI BOOSTER,10.1 chars,8 chars,RED BULL,209x,76,0,0.0,,
Energidrikke,dim_product,subbrands,text,object,string,N/A,,Sub-brand grouping below brand in the product hierarchy. Distinguishes brand extensions and line variants.,True,False,False,1271,MONSTER ENERGY,NA,BOOSTER MOKKA DOUBLE ESPRESSO,15.7 chars,16 chars,RED BULL EDITION,101x,186,0,0.0,,
Energidrikke,dim_product,sugar_content,text,object,string,N/A,,"Sugar content classification for the product (e.g. 'REGULAR', 'SUGAR FREE', 'LOW SUGAR'). Energy drink dataset.",True,False,False,1271,ALM.,ALM.,ORDINARY.,5.4 chars,5 chars,LIGHT,537x,3,0,0.0,,
Energidrikke,dim_product,ru_variant,text,object,string,N/A,,Royal Unibrew internal variant grouping. Below sub-brand in the RU-defined product hierarchy. Distinguishes flavour/format/recipe variants within a sub-brand.,True,False,False,1271,MONSTER ENERGY ORIGINAL,NA,RED BULL THE SPRING EDITION WALSTRO & ROSÉGRAPEFRUGT,21.8 chars,21 chars,RED BULL ORIGINAL,58x,396,0,0.0,,
Energidrikke,dim_product,packaging,text,object,string,N/A,,"Packaging description for the product (e.g. 'CAN', 'PET', 'GLASS'). Captures the primary container type.",True,False,False,1271,MULTIPAK DÅSE (7+),ANDRE,1 STK 31-40 CL DÅSE,9.0 chars,5 chars,ANDRE,893x,3,0,0.0,,
Energidrikke,dim_product,item,text,object,string,N/A,,"Item description — the canonical Nielsen item label, typically combining brand + variant + size + packaging.",True,False,False,1271,MONSTER ENERGY DÅSE 24 STK 24*50 CL,XRAY DÅSE 250 ML,MONSTER ENERGY ULTRA ZERO STRAWBE. DREAMS DÅSE 4 STK 4*50 CL,37.0 chars,37 chars,RED BULL ENERGY DRINK 250 ML,15x,655,0,0.0,,
Energidrikke,dim_product,upc,text,object,string,N/A,,Universal Product Code / barcode of the SKU. Lowest level of the product hierarchy (one row per UPC).,True,False,False,1271,5060751215059,200207804062,0000025004328BP1,12.9 chars,13 chars,5060337502306,4x,791,0,0.0,,
Energidrikke,dim_product,ru_price_segment,text,object,string,N/A,,Royal Unibrew internal price segment classification. RU-defined price tier used for internal portfolio analysis.,True,False,False,1271,MÆRKEVARER,NA,BILLIGMÆRKER,10.1 chars,10 chars,MÆRKEVARER,"1,186x",3,0,0.0,,
Energidrikke,dim_product,rub_sizes,text,object,string,N/A,,Royal Unibrew internal size grouping (energy drinks). Buckets pack sizes into RU-defined ranges for portfolio analysis.,True,False,False,1271,41-60 CL,NA,41-60 CL,8.0 chars,8 chars,41-60 CL,717x,5,0,0.0,,
Energidrikke,dim_product,packaging_type,text,object,string,N/A,,"Packaging type classification (e.g. 'CAN', 'PET BOTTLE', 'GLASS BOTTLE'). Captures container material/format.",True,False,False,1271,DÅSE,DÅSE,ANDEN EMBALLAGETYPE,4.3 chars,4 chars,DÅSE,930x,4,0,0.0,,
Energidrikke,dim_product,quantity,text,object,string,N/A,,Quantity descriptor for the multipack (e.g. number of consumer units in the pack). Stored as text.,True,False,False,1271,24 STK,1 STK,OTHER UNITS,5.5 chars,5 chars,1 STK,694x,16,0,0.0,,
Energidrikke,dim_product,rub_flavor_variant,text,object,string,N/A,,Royal Unibrew flavor variant grouping (RUB = Royal Unibrew internal classification).,True,False,False,1271,ENERGI SMAG,NA,SPORTSDRIK SMAG,9.0 chars,8 chars,FLAVOURS,870x,8,0,0.0,,
Energidrikke,dim_product,ecology,text,object,string,N/A,,Ecology / organic indicator for the product (energy drinks dataset). Identifies products marketed as organic or eco-certified.,True,False,False,1271,IKKE ØKOLOGISK,ECOLOGY,IKKE ØKOLOGISK,13.0 chars,14 chars,IKKE ØKOLOGISK,835x,4,0,0.0,,
Energidrikke,dim_product,energy_drinks_vitamin_drinks,text,object,string,N/A,,Subset flag identifying products that are either energy drinks or vitamin drinks (excludes sports drinks). Used to roll up the energy+vitamin universe.,True,False,False,1271,ENERGIDRIKKE + VITAMINDRIKKE,NOT APPLICABLE,ENERGIDRIKKE + VITAMINDRIKKE,26.7 chars,28 chars,ENERGIDRIKKE + VITAMINDRIKKE,"1,156x",2,0,0.0,,
Energidrikke,dim_product,energy_drinks,text,float64,string,N/A,,Subset flag identifying products that are pure energy drinks (excludes vitamin drinks and sports drinks).,True,True,False,1271,,,,,,,,0,"1,271",100.0,,
Energidrikke,dim_product,private_label,text,object,string,N/A,,"Flag indicating whether the product is a retailer private label (e.g. Coop's 365, REMA 1000 own brand) versus a branded manufacturer product.",True,False,False,1271,NON PRIVATE LABEL,PRIVATE LABEL,NON PRIVATE LABEL,16.9 chars,17 chars,NON PRIVATE LABEL,"1,240x",2,0,0.0,,
Energidrikke,dim_product,controlled_label,text,float64,string,N/A,,Flag indicating whether the product is a controlled label — a brand owned by a retailer but marketed under a distinct name (between private label and full national brand).,True,True,False,1271,,,,,,,,0,"1,271",100.0,,
Energidrikke,dim_product,product_hierarchy_number,numeric,int64,string,N/A,NULL = hierarchy metadata not populated,Dedup key within a hierarchy level. At level 1 (category) there are typically multiple rows representing different total cuts of the category — ALWAYS filter to product_hierarchy_number = '1' for the canonical category total. At other levels typically '1'. Never NULL.,True,False,True,1271,1,1,1,1,1,1,0,1,0,0.0,0,0
Energidrikke,dim_product,product_hierarchy_level,numeric,int64,string,N/A,NULL = hierarchy metadata not populated,"Depth level of the product in the hierarchy. Level 1 = category total, Level 2 = manufacturer/corporation, Level 3 = brand, ... Level 10 = individual UPC/SKU. CRITICAL for avoiding double-counting: never sum metrics across hierarchy levels. Never NULL.",True,False,True,1271,10,10,10,10,10,10,0,1,0,0.0,0,0
Energidrikke,dim_product,product_hierarchy_level_name,text,object,string,N/A,NULL = hierarchy metadata not populated,"Human-readable name of the hierarchy level. Values vary by category: CSD uses 'CSD', 'MANUFACTURER', 'BRAND', 'RU SUBBRAND', 'RU VARIANT', 'UPC'. Beer uses similar labels. Use this column to filter to the desired aggregation level (e.g. WHERE product_hierarchy_level_name = 'BRAND'). Never NULL.",True,False,False,1271,UPC,UPC,UPC,3.0 chars,3 chars,UPC,"1,271x",1,0,0.0,,
Energidrikke,dim_product,manufacturer,text,object,string,N/A,,Manufacturer of the product as classified by Nielsen. One level below the corporation grouping in the standard Nielsen product hierarchy.,True,False,False,1271,MONSTER BEVERAGE CORPORATION,LIDL,OLGERDIN EGILL SKALLAGRIMSSON,14.6 chars,13 chars,ROYAL UNIBREW,285x,53,0,0.0,,
Energidrikke,dim_period,period_id,numeric,int64,string,N/A,not nullable,Foreign key to the Period dimension. Joins facts to period metadata. Never NULL.,True,False,True,43,41096,38955,46904,4.15e+04,40696,38955,2244,43,0,0.0,0,0
Energidrikke,dim_period,period_short_description,text,object,string,N/A,,Nielsen's original short label for the period as delivered (e.g. 'Jan 26'). Raw value preserved from Nielsen delivery.,True,False,False,43,Dec 25 - 5 w/e 28/12/25,Dec 25 - 5 w/e 28/12/25,Dec 25 - 5 w/e 28/12/25,23.0 chars,23 chars,Apr 23 - 4 w/e 30/04/23,1x,43,0,0.0,,
Energidrikke,dim_period,period_long_description,text,object,string,N/A,,Nielsen's original long label for the period as delivered. Human readable.,True,False,False,43,Dec 25 - 5 w/e 28/12/25,Dec 25 - 5 w/e 28/12/25,Dec 25 - 5 w/e 28/12/25,23.0 chars,23 chars,Apr 23 - 4 w/e 30/04/23,1x,43,0,0.0,,
Energidrikke,dim_period,period_end_date,text,object,date,N/A,not nullable,The last calendar day of the measurement period. Nielsen Denmark uses monthly periods built on a 4-4-5 week pattern. Use this column for time-series ordering and chart axes.,True,False,False,43,2025-12-28,2025-12-28,2025-12-28,10.0 chars,10 chars,2023-01-29,1x,43,0,0.0,,
Energidrikke,dim_period,nielsen_calendar,text,object,string,N/A,,Nielsen calendar identifier (e.g. monthly calendar). Indicates which Nielsen periodicity calendar this period belongs to.,True,False,False,43,12F_445,12F_445,12F_445,7.0 chars,7 chars,12F_445,43x,1,0,0.0,,
Energidrikke,dim_period,nielsen_periodicity,text,object,string,N/A,,Periodicity label / display folder used by Nielsen to group periods (e.g. monthly). Used for organizing periods in delivery folders.,True,False,False,43,Months,Months,Months,6.0 chars,6 chars,Months,43x,1,0,0.0,,
Energidrikke,dim_period,period_year,numeric,int64,int,years,not nullable,"Calendar year (integer, e.g. 2026) when the ENERGIDRIKKE facts row was generated. Derived from period_end_date.",True,False,False,43,2025,2023,2026,2024,2024,2023,1.063,4,0,0.0,0,0
Energidrikke,dim_period,period_month,numeric,int64,int,months,not nullable,Calendar month number 1-12 when the ENERGIDRIKKE facts row was generated.,True,False,False,43,12,1,12,6.093,6,1,3.428,12,0,0.0,0,0
Energidrikke,dim_period,date_key,text,object,string,N/A,not nullable,Combination of month and year as a single label (e.g. 'January 2026') for the ENERGIDRIKKE facts row.,True,False,False,43,December 2025,May 2024,September 2025,11.0 chars,11 chars,April 2023,1x,43,0,0.0,,
Energidrikke,dim_market,market_id,numeric,int64,string,N/A,not nullable,Foreign key to the Market dimension. Joins facts to market metadata. Never NULL.,True,False,True,86,2195816,1255956,2195818,1.422e+06,1262121,1255956,2.468e+05,86,0,0.0,0,0
Energidrikke,dim_market,market_description,text,object,string,N/A,,"Human-readable name of the Nielsen market (retail chain, channel, or aggregate universe), e.g. 'DVH INCL. HD', 'COOP DK', 'Lidl'. Used for display and filtering.",True,False,False,86,FØTEX FOOD,Q8,DVH EXCL. HD - REGION 2: ZEALAND EXCL. CAPITAL AREA,23.0 chars,20 chars,7-ELEVEN,1x,86,0,0.0,,
Energidrikke,dim_market,market_hierarchy_level,text,float64,string,N/A,NULL = hierarchy metadata not populated,Depth level of this market in Nielsen's Denmark retail hierarchy tree. Level 1 = top aggregate (e.g. DVH INCL. HD); higher numbers = more granular (individual chains/banners). Used to define parent-child relationships between markets. NOTE: currently observed to be NULL across the data — this is a known issue under investigation.,True,True,False,86,,,,,,,,0,86,100.0,,
Energidrikke,dim_market,market_hierarchy_number,text,float64,string,N/A,NULL = hierarchy metadata not populated,Numeric identifier for the market's position within its hierarchy level. Combined with market_hierarchy_level to define the market tree. NOTE: currently observed NULL — known issue under investigation.,True,True,False,86,,,,,,,,0,86,100.0,,
Energidrikke,dim_market,market_hierarchy_name,text,float64,string,N/A,NULL = hierarchy metadata not populated,"Human-readable name of the hierarchy level (e.g. 'Total Grocery', 'Retail Chain', 'Channel'). NOTE: currently observed NULL — known issue under investigation.",True,True,False,86,,,,,,,,0,86,100.0,,
Energidrikke,dim_market,market_hierarchy_column,text,float64,string,N/A,NULL = hierarchy metadata not populated,"Internal Nielsen reference indicating which hierarchy column this market belongs to. Technical metadata, not for end-user display. NOTE: currently observed NULL — known issue under investigation.",True,True,False,86,,,,,,,,0,86,100.0,,
RTD,facts,market_id,numeric,int64,string,N/A,not nullable,Foreign key to the Market dimension. Joins facts to market metadata. Never NULL.,True,False,True,2409362,1586011,1255956,2195818,1.411e+06,1262120,1262102,2.185e+05,86,0,0.0,0,0
RTD,facts,period_id,numeric,int64,string,N/A,not nullable,Foreign key to the Period dimension. Joins facts to period metadata. Never NULL.,True,False,True,2409362,46612,39522,46904,4.159e+04,40697,40205,2174,41,0,0.0,0,0
RTD,facts,product_id,numeric,int64,string,N/A,not nullable,Foreign key to the Product dimension. Joins facts to product metadata. Never NULL.,True,False,True,2409362,120403,1,121748,1.599e+04,1760,1,3.224e+04,"2,644",0,0.0,0,0
RTD,facts,sales_value,numeric,float64,double,DKK,,Total sales out of store expressed in Danish Krone (DKK). Consumer retail price including VAT (point-of-sale scanner data). This is the TOTAL — promo + non-promo combined. NULL = no data for this market/product/period combination.,True,False,False,2409362,18740.4,-2.727e+04,7.666e+07,2.71e+05,3671,0,2e+06,"500,782",0,0.0,"109,716",978
RTD,facts,sales_in_liters,numeric,float64,double,liters,,Total sales out of store expressed in litres. Includes both promo and non-promo volume. NULL = no data for this combination.,True,False,False,2409362,134.8,-391.6,2.088e+06,7186,54.45,0,5.669e+04,"302,324",0,0.0,"109,921",880
RTD,facts,sales_units,numeric,float64,double,units,,Total sales out of store expressed in consumer purchase units (individual packs / bottles / cans as scanned at checkout). Includes both promo and non-promo. NULL = no data.,True,False,False,2409362,674.0,-1424,6.824e+06,2.392e+04,133.8,0,1.906e+05,"242,346",0,0.0,"109,921",880
RTD,facts,baseline_sales_value,numeric,float64,double,DKK,,"Modeled value sales (DKK) that would have occurred in the absence of any promotions, calculated using Nielsen's proprietary baseline model. Includes non-promoted actual sales plus estimated sales that would have happened without promo support. CAN exceed actual sales_value when promotions had a negative incremental effect. Relationship: incremental_value = sales_value - baseline_sales_value. NULL = baseline not modeled for this combination (e.g. promo not tracked in this market).",True,False,False,2409362,874.0,0,4.051e+07,2.495e+05,5470,0,1.49e+06,"155,601","1,783,900",74.0,"1,288",0
RTD,facts,baseline_sales_in_liters,numeric,float64,double,liters,,Modeled volume in litres that would have occurred without promotions. Same baseline-model logic as baseline_sales_value. NULL = not modeled.,True,False,False,2409362,22.4,0,4.238e+06,6920,79.89,1.5,6.388e+04,"143,353","1,783,900",74.0,"1,293",0
RTD,facts,baseline_sales_units,numeric,float64,double,units,,Modeled units that would have occurred without promotions. NULL = not modeled.,True,False,False,2409362,112.0,0,2.79e+06,1.807e+04,197.4,1,1.098e+05,"142,464","1,783,900",74.0,"1,293",0
RTD,facts,baseline_sales_value_any_promo,numeric,float64,double,DKK,,Baseline value sales (DKK) attributed specifically to the promoted portion. Used together with sales_value_any_promo to calculate promotional efficiency (PEI = Promotional Efficiency Index). NULL = not modeled.,True,False,False,2409362,2262.1801,0,2.107e+07,1.108e+05,423.3,0,6.857e+05,"101,717","1,783,900",74.0,"260,766",0
RTD,facts,baseline_sales_in_liters_any_promo,numeric,float64,double,liters,,Baseline volume in litres for the promoted portion. NULL = not modeled.,True,False,False,2409362,51.7477,0,4.589e+05,2441,5.371,0,1.549e+04,"100,094","1,783,900",74.0,"260,765",0
RTD,facts,baseline_sales_units_any_promo,numeric,float64,double,units,,Baseline units for the promoted portion. NULL = not modeled.,True,False,False,2409362,156.8111,0,1.516e+06,8106,14.32,0,5.096e+04,"101,129","1,783,900",74.0,"260,765",0
RTD,facts,sales_value_any_promo,numeric,float64,double,DKK,,"Value of sales (DKK) made on any type of promotion (TPR, display, feature, or any combination). Subset of sales_value: total = promo + non-promo. NOT applicable in Total Market incl Hard Discount (Lidl is cash-slip only). A small number of fact rows show promo slightly exceeding total due to rounding (<1,000 DKK); cap with MIN(promo, total) when displaying. NULL = promo not tracked for this combination.",True,False,False,2409362,293.5,-1.361e+05,5.192e+07,2.531e+05,1226,0,1.719e+06,"103,740","1,783,900",74.0,"244,225",165
RTD,facts,sales_in_liters_any_promo,numeric,float64,double,liters,,Volume in litres sold on any type of promotion. Subset of sales_in_liters. NULL = promo not tracked. Not applicable in Total Market incl Hard Discount.,True,False,False,2409362,8.6,-2.876e+04,1.651e+06,7298,18.59,0,5.304e+04,"96,050","1,783,900",74.0,"244,224",296
RTD,facts,sales_units_any_tpr,numeric,float64,double,units,,Units sold specifically on Temporary Price Reduction (TPR). TPR is a subset of 'any promo'. NULL = TPR not tracked.,True,False,False,2409362,43.0,-2.172e+05,5.342e+06,1.962e+04,14.5,0,1.536e+05,"85,926","1,783,900",74.0,"286,246",325
RTD,facts,numeric_distribution,numeric,float64,double,fraction (0-1),,"Average WEEKLY percentage of stores where the product was sold for the chosen period, stored as a fraction 0-1 (multiply by 100 for %). Measures physical availability regardless of store size. Example: 0.45 means the product was sold in 45% of stores on average per week. NULL = not measured (e.g. aggregate product hierarchy levels, or cash-slip markets like Lidl).",True,False,False,2409362,0.1884,5.2e-05,1,0.1852,0.03328,1,0.2914,"254,334","267,272",11.1,0,0
RTD,facts,numeric_distribution_reach,numeric,float64,double,fraction (0-1),,"Percentage of stores that sold the selected product at ANY point during the entire selected period (not weekly average), stored as a fraction 0-1. Higher than numeric_distribution because a store only needs to sell once in the period to count. NULL = not measured.",True,False,False,2409362,0.2029,0,1,0.2346,0.05663,0,0.3297,"222,458","166,501",6.9,"100,771",0
RTD,facts,weighted_distribution,numeric,float64,double,fraction (0-1),,"Average WEEKLY percentage of total CATEGORY TURNOVER (value sales) accounted for by stores that sold the selected product, ACV-weighted (All Commodity Volume). Stored as a fraction 0-1. Example: 0.85 = stores carrying this product represent 85% of category sales. More meaningful than numeric distribution because it weights by store importance. NOT additive across products. ~16.7% of CSD fact rows are NULL (aggregate levels, cash-slip markets like Lidl, or new products mid-period).",True,False,False,2409362,0.4517,-0.0361,1.065,0.2414,0.07571,1,0.3228,"358,537","267,323",11.1,0,273
RTD,facts,weighted_distribution_reach,numeric,float64,double,fraction (0-1),,"Percentage of total category turnover accounted for by stores that sold the selected product at ANY point during the entire period, stored as a fraction 0-1. Reach version: any single sale in the period qualifies the store. Always >= weighted_distribution. NULL = not measured.",True,False,False,2409362,0.478,-0.03256,1.055,0.3005,0.1313,1,0.3521,"349,119","267,544",11.1,0,101
RTD,facts,total_weighted_distribution_points_tdp_reach,numeric,float64,double,decimal (0+),,Total Distribution Points (TDP). Sum of weighted distribution across all items within a brand/product group that were sold at any point during the period (reach). Measures BREADTH of assortment weighted by store importance. Example: a brand with 5 SKUs each at 0.80 weighted-distribution-reach has TDP ~4.0. NOT a percentage and NOT bounded by 1 — do NOT multiply by 100. NULL = not measured.,True,False,False,2409362,1.9742,-0.03256,98.8,1.573,0.1458,1,6.244,"470,989","267,520",11.1,0,101
RTD,facts,number_of_items_reach,numeric,float64,double,items,,"Number of distinct UPC items (SKUs) within the selected product group that were sold at any point during the period (reach). Measures assortment BREADTH. Only meaningful at aggregate product levels (brand, manufacturer); NULL at the UPC level.",True,False,False,2409362,56.0,0.565,9.76e+04,509.6,21,1,3241,"137,535","251,867",10.5,0,0
RTD,facts,avg_number_of_stores_selling_reach,numeric,float64,double,stores,,Average number of stores in the universe that sold the product at any point during the period. Reach-based: a store counts if it sold at least once. Compare against universe_number_of_stores to derive % distribution.,True,False,False,2409362,14.0,0,3708,100.5,16,1,259.4,"107,706","150,409",6.2,"101,458",0
RTD,facts,universe_number_of_stores,numeric,float64,double,stores,,"Total number of physical stores in the selected market universe. Market-level attribute, NOT product-specific — same value for all products within a given market. NULL = not available for this market.",True,False,False,2409362,69.0,1,4002,724.1,365.2,18,921.6,"1,752",0,0.0,0,0
RTD,facts,avg_no_of_items_per_store_reach,numeric,float64,double,items,,"Average number of items (SKUs) a brand/manufacturer/segment has per store, computed across stores that carry at least one item. Measures DEPTH of assortment per store.",True,False,False,2409362,4.0,0.6042,97.33,2.131,1,1,4.974,"73,316","251,867",10.5,0,0
RTD,facts,weighted_distribution_any_promo,numeric,float64,double,fraction (0-1),,Percentage of category turnover (fraction 0-1) accounted for by stores that sold the product ON PROMOTION in the period. Subset of weighted_distribution. NULL = promo not tracked. Not applicable in Total Market incl Hard Discount.,True,False,False,2409362,0.0284,-0.03348,1.073,0.2968,0.1571,1,0.3179,"111,267","2,028,125",84.2,0,35
RTD,facts,weighted_distribution_disp_and_feat,numeric,float64,double,fraction (0-1),,Percentage of category turnover (fraction 0-1) accounted for by stores that sold the product with BOTH display AND feature (in-store flyer/ad) simultaneously. The strongest promotional signal. NULL = not tracked.,True,False,False,2409362,0.0277,-0.1745,0.9292,0.118,0.05971,0.03521,0.1473,"43,105","2,279,014",94.6,0,57
RTD,facts,weighted_distribution_disp_wo_feat,numeric,float64,double,fraction (0-1),,Percentage of category turnover (fraction 0-1) accounted for by stores that sold the product with display only (without accompanying feature advertising). NULL = not tracked.,True,False,False,2409362,0.1858,-0.07184,1,0.1349,0.05341,1,0.1963,"83,964","2,115,601",87.8,0,74
RTD,facts,weighted_distribution_feat_wo_disp,numeric,float64,double,fraction (0-1),,Percentage of category turnover (fraction 0-1) accounted for by stores that sold the product with feature/flyer only (without accompanying secondary display). NULL = not tracked.,True,False,False,2409362,0.0634,-0.06879,1.006,0.2446,0.175,1,0.2286,"55,640","2,250,221",93.4,0,22
RTD,facts,weighted_distribution_total_feat,numeric,float64,double,fraction (0-1),,Percentage of category turnover (fraction 0-1) accounted for by stores that promoted the product with any in-store FEATURE/FLYER (with or without accompanying display). NULL = not tracked.,True,False,False,2409362,0.0634,-0.1068,1.01,0.2878,0.2227,1,0.2455,"55,050","2,249,126",93.3,0,24
RTD,facts,weighted_distribution_any_disp,numeric,float64,double,fraction (0-1),,"Percentage of category turnover (fraction 0-1) accounted for by stores that sold the product on ANY secondary display (endcap, floor stand, dump bin, pallet, etc.) in the period. NULL = display not tracked.",True,False,False,2409362,0.1858,-0.1745,1,0.1622,0.06846,1,0.2195,"88,556","2,108,363",87.5,0,90
RTD,facts,weighted_distribution_any_tpr,numeric,float64,double,fraction (0-1),,Percentage of category turnover (fraction 0-1) accounted for by stores that sold the product on Temporary Price Reduction (TPR) in the period. TPR = any price cut from regular shelf price. Subset of promotional distribution. NULL = TPR not tracked.,True,False,False,2409362,0.0284,-0.05847,1.052,0.2674,0.1293,1,0.3052,"99,796","2,070,215",85.9,0,35
RTD,dim_product,product_id,numeric,int64,string,N/A,not nullable,Foreign key to the Product dimension. Joins facts to product metadata. Never NULL.,True,False,True,728,1724,48,121748,3.24e+04,2179,48,4.56e+04,728,0,0.0,0,0
RTD,dim_product,rtd_cider,text,object,string,N/A,,"Top-level classification for the RTD dataset, distinguishing RTD (ready-to-drink) cocktails from cider. Equivalent to a 'category' label in this dataset.",True,False,False,728,RTD / CIDER,RTD / CIDER,RTD / CIDER,11.0 chars,11 chars,RTD / CIDER,728x,1,0,0.0,,
RTD,dim_product,corporation_1,text,object,string,N/A,,Top-level corporate grouping (energidrikke/RTD datasets). Same concept as corporation_ru_1 (CSD) and corporation_ru (beer) — naming inconsistency. NULL at aggregate levels.,True,False,False,728,CARLSBERG,LIDL,MARK ANTHONY BRANDS INTERNATIONAL,13.2 chars,13 chars,CARLSBERG,162x,75,0,0.0,,
RTD,dim_product,brand,text,object,string,N/A,,Brand name as classified by Nielsen. The brand level sits below manufacturer and above sub-brand / variant in the product hierarchy.,True,False,False,728,BREEZER,MIL,LES GRANDS CHAIS DE FRANCE,9.1 chars,8 chars,SOMERSBY,81x,110,0,0.0,,
RTD,dim_product,subsegment,text,object,string,N/A,,Finer segmentation below segment in the product hierarchy. Hierarchical CHILD of segment (e.g. segment='PILSNER' > subsegment='PREMIUM PILSNER').,True,False,False,728,RTD,RTD,CIDER,3.6 chars,3 chars,RTD,495x,2,0,0.0,,
RTD,dim_product,subbrands,text,object,string,N/A,,Sub-brand grouping below brand in the product hierarchy. Distinguishes brand extensions and line variants.,True,False,False,728,BREEZER,NA,KOSKENKORVA PASSIONFRUIT SPRITZ,10.5 chars,10 chars,OTHERS,105x,103,0,0.0,,
RTD,dim_product,ru_variant,text,object,string,N/A,,Royal Unibrew internal variant grouping. Below sub-brand in the RU-defined product hierarchy. Distinguishes flavour/format/recipe variants within a sub-brand.,True,False,False,728,BREEZER LIME,LIDL,SERVED COCKTAIL BY NOHRLUND RASPBERRY/PEACH COLLINS,18.3 chars,18 chars,OEVRIGE,86x,302,0,0.0,,
RTD,dim_product,packaging,text,object,string,N/A,,"Packaging description for the product (e.g. 'CAN', 'PET', 'GLASS'). Captures the primary container type.",True,False,False,728,MULTIPAK FLASKER (7+),ANDRE,MULTIPAK FLASKER (7+),12.9 chars,13 chars,1 STK FLASKER,410x,7,0,0.0,,
RTD,dim_product,item,text,object,string,N/A,,"Item description — the canonical Nielsen item label, typically combining brand + variant + size + packaging.",True,False,False,728,BREEZER LIME 4% 24 STK 24*27.5 CL,SPRITZ 0.4% 75 CL,ISH ALKOHOLFRI RTD MIX SPRITZ/MOJITO/G&T/EPRES 4 STK 4*25 CL,34.4 chars,34 chars,SOMERSBY APPLE 4.5% DÅSE 33 CL,10x,508,0,0.0,,
RTD,dim_product,upc,text,object,string,N/A,,Universal Product Code / barcode of the SKU. Lowest level of the product hierarchy (one row per UPC).,True,False,False,728,5010677551298,200181893386,0000025009705BP1,12.9 chars,13 chars,5715008001014,4x,617,0,0.0,,
RTD,dim_product,ru_price_segment,text,object,string,N/A,,Royal Unibrew internal price segment classification. RU-defined price tier used for internal portfolio analysis.,True,False,False,728,NA,NA,NA,2.0 chars,2 chars,NA,728x,1,0,0.0,,
RTD,dim_product,ru_size,text,object,string,N/A,,Royal Unibrew internal size grouping (RTD / beer). Buckets pack sizes into RU-defined ranges.,True,False,False,728,101-,101-,29.6-35.5 CL,8.3 chars,8 chars,27-29.5 CL,125x,7,0,0.0,,
RTD,dim_product,quantity,text,object,string,N/A,,Quantity descriptor for the multipack (e.g. number of consumer units in the pack). Stored as text.,True,False,False,728,X24,X1,X24,2.1 chars,2 chars,X1,627x,7,0,0.0,,
RTD,dim_product,ru_flavor,text,object,string,N/A,,Royal Unibrew internal flavor classification (RTD dataset). RU-defined flavor grouping.,True,False,False,728,LIME,LIME,DIVERSE DRINKS/COCKTAILS,12.2 chars,10 chars,DIVERSE DRINKS/COCKTAILS,222x,25,0,0.0,,
RTD,dim_product,ru_segment,text,object,string,N/A,,Royal Unibrew internal segment classification (RTD dataset). RU-defined segmentation that may differ from Nielsen's standard segment.,True,False,False,728,ALKOHOLSODAVAND,CIDER,DRINKS/COCKTAILS,12.2 chars,15 chars,DRINKS/COCKTAILS,287x,3,0,0.0,,
RTD,dim_product,organic_indicator,text,object,string,N/A,,Flag indicating whether the product is certified organic. Values are typically 'YES'/'NO' or category-specific labels.,True,False,False,728,IKKE ØKOLOGISK,ECOLOGY,IKKE ØKOLOGISK,13.1 chars,14 chars,IKKE ØKOLOGISK,578x,4,0,0.0,,
RTD,dim_product,rub_packaging,text,object,string,N/A,,Royal Unibrew internal packaging grouping (RUB = Royal Unibrew internal classification).,True,False,False,728,GLAS,CAN,CARDBOARD,4.0 chars,4 chars,GLAS,405x,6,0,0.0,,
RTD,dim_product,light_or_regular,text,object,string,N/A,,Sugar content classification: regular (full sugar) vs. light/diet/zero (RTD dataset).,True,False,False,728,REG,REG,LIGHT,3.1 chars,3 chars,REG,702x,2,0,0.0,,
RTD,dim_product,rtd_cider_excluding_drinks_cocktails,text,object,string,N/A,,RTD/cider classification with the DRINKS/COCKTAILS subsegment excluded. Useful for analyzing pure cider performance without RTD cocktail noise.,True,False,False,728,RTD/CIDER ex DRINKS/COCKTAILS,DRINKS/COCKTAILS,RTD/CIDER ex DRINKS/COCKTAILS,23.9 chars,29 chars,RTD/CIDER ex DRINKS/COCKTAILS,441x,2,0,0.0,,
RTD,dim_product,private_label,text,object,string,N/A,,"Flag indicating whether the product is a retailer private label (e.g. Coop's 365, REMA 1000 own brand) versus a branded manufacturer product.",True,False,False,728,NON PRIVATE LABEL,PRIVATE LABEL,NON PRIVATE LABEL,17.0 chars,17 chars,NON PRIVATE LABEL,719x,2,0,0.0,,
RTD,dim_product,product_hierarchy_number,numeric,int64,string,N/A,NULL = hierarchy metadata not populated,Dedup key within a hierarchy level. At level 1 (category) there are typically multiple rows representing different total cuts of the category — ALWAYS filter to product_hierarchy_number = '1' for the canonical category total. At other levels typically '1'. Never NULL.,True,False,True,728,1,1,1,1,1,1,0,1,0,0.0,0,0
RTD,dim_product,product_hierarchy_level,numeric,int64,string,N/A,NULL = hierarchy metadata not populated,"Depth level of the product in the hierarchy. Level 1 = category total, Level 2 = manufacturer/corporation, Level 3 = brand, ... Level 10 = individual UPC/SKU. CRITICAL for avoiding double-counting: never sum metrics across hierarchy levels. Never NULL.",True,False,True,728,9,9,9,9,9,9,0,1,0,0.0,0,0
RTD,dim_product,product_hierarchy_level_name,text,object,string,N/A,NULL = hierarchy metadata not populated,"Human-readable name of the hierarchy level. Values vary by category: CSD uses 'CSD', 'MANUFACTURER', 'BRAND', 'RU SUBBRAND', 'RU VARIANT', 'UPC'. Beer uses similar labels. Use this column to filter to the desired aggregation level (e.g. WHERE product_hierarchy_level_name = 'BRAND'). Never NULL.",True,False,False,728,UPC,UPC,UPC,3.0 chars,3 chars,UPC,728x,1,0,0.0,,
RTD,dim_product,manufacturer,text,object,string,N/A,,Manufacturer of the product as classified by Nielsen. One level below the corporation grouping in the standard Nielsen product hierarchy.,True,False,False,728,CARLSBERG,LIDL,MARK ANTHONY BRANDS INTERNATIONAL,12.7 chars,11 chars,CARLSBERG,162x,78,0,0.0,,
RTD,dim_period,period_id,numeric,int64,string,N/A,not nullable,Foreign key to the Period dimension. Joins facts to period metadata. Never NULL.,True,False,True,41,40700,39522,46904,4.162e+04,40697,39522,2226,41,0,0.0,0,0
RTD,dim_period,period_short_description,text,object,string,N/A,,Nielsen's original short label for the period as delivered (e.g. 'Jan 26'). Raw value preserved from Nielsen delivery.,True,False,False,41,Oct 25 - 4 w/e 26/10/25,Oct 25 - 4 w/e 26/10/25,Oct 25 - 4 w/e 26/10/25,23.0 chars,23 chars,Apr 23 - 4 w/e 30/04/23,1x,41,0,0.0,,
RTD,dim_period,period_long_description,text,object,string,N/A,,Nielsen's original long label for the period as delivered. Human readable.,True,False,False,41,Oct 25 - 4 w/e 26/10/25,Oct 25 - 4 w/e 26/10/25,Oct 25 - 4 w/e 26/10/25,23.0 chars,23 chars,Apr 23 - 4 w/e 30/04/23,1x,41,0,0.0,,
RTD,dim_period,period_end_date,text,object,date,N/A,not nullable,The last calendar day of the measurement period. Nielsen Denmark uses monthly periods built on a 4-4-5 week pattern. Use this column for time-series ordering and chart axes.,True,False,False,41,2025-10-26,2025-10-26,2025-10-26,10.0 chars,10 chars,2023-04-02,1x,41,0,0.0,,
RTD,dim_period,nielsen_calendar,text,object,string,N/A,,Nielsen calendar identifier (e.g. monthly calendar). Indicates which Nielsen periodicity calendar this period belongs to.,True,False,False,41,12F_445,12F_445,12F_445,7.0 chars,7 chars,12F_445,41x,1,0,0.0,,
RTD,dim_period,nielsen_periodicity,text,object,string,N/A,,Periodicity label / display folder used by Nielsen to group periods (e.g. monthly). Used for organizing periods in delivery folders.,True,False,False,41,Months,Months,Months,6.0 chars,6 chars,Months,41x,1,0,0.0,,
RTD,dim_period,period_year,numeric,int64,int,years,not nullable,"Calendar year (integer, e.g. 2026) when the RTD facts row was generated. Derived from period_end_date.",True,False,False,41,2025,2023,2026,2024,2024,2024,1.046,4,0,0.0,0,0
RTD,dim_period,period_month,numeric,int64,int,months,not nullable,Calendar month number 1-12 when the RTD facts row was generated.,True,False,False,41,10,1,12,6.317,6,3,3.35,12,0,0.0,0,0
RTD,dim_period,date_key,text,object,string,N/A,not nullable,Combination of month and year as a single label (e.g. 'January 2026') for the RTD facts row.,True,False,False,41,October 2025,May 2026,September 2025,10.9 chars,11 chars,April 2023,1x,41,0,0.0,,
RTD,dim_market,market_id,numeric,int64,string,N/A,not nullable,Foreign key to the Market dimension. Joins facts to market metadata. Never NULL.,True,False,True,86,2195816,1255956,2195818,1.422e+06,1262121,1255956,2.468e+05,86,0,0.0,0,0
RTD,dim_market,market_description,text,object,string,N/A,,"Human-readable name of the Nielsen market (retail chain, channel, or aggregate universe), e.g. 'DVH INCL. HD', 'COOP DK', 'Lidl'. Used for display and filtering.",True,False,False,86,FØTEX FOOD,Q8,DVH EXCL. HD - REGION 2: ZEALAND EXCL. CAPITAL AREA,23.0 chars,20 chars,7-ELEVEN,1x,86,0,0.0,,
RTD,dim_market,market_hierarchy_level,text,float64,string,N/A,NULL = hierarchy metadata not populated,Depth level of this market in Nielsen's Denmark retail hierarchy tree. Level 1 = top aggregate (e.g. DVH INCL. HD); higher numbers = more granular (individual chains/banners). Used to define parent-child relationships between markets. NOTE: currently observed to be NULL across the data — this is a known issue under investigation.,True,True,False,86,,,,,,,,0,86,100.0,,
RTD,dim_market,market_hierarchy_number,text,float64,string,N/A,NULL = hierarchy metadata not populated,Numeric identifier for the market's position within its hierarchy level. Combined with market_hierarchy_level to define the market tree. NOTE: currently observed NULL — known issue under investigation.,True,True,False,86,,,,,,,,0,86,100.0,,
RTD,dim_market,market_hierarchy_name,text,float64,string,N/A,NULL = hierarchy metadata not populated,"Human-readable name of the hierarchy level (e.g. 'Total Grocery', 'Retail Chain', 'Channel'). NOTE: currently observed NULL — known issue under investigation.",True,True,False,86,,,,,,,,0,86,100.0,,
RTD,dim_market,market_hierarchy_column,text,float64,string,N/A,NULL = hierarchy metadata not populated,"Internal Nielsen reference indicating which hierarchy column this market belongs to. Technical metadata, not for end-user display. NOTE: currently observed NULL — known issue under investigation.",True,True,False,86,,,,,,,,0,86,100.0,,
